OBJECTID,GlobalID,Speed..km.h.,Direction.of.travel....,Compass.reading....,Position.source.type,Receiver.Name,Horizontal.Accuracy..m.,Vertical.Accuracy..m.,Latitude,Longitude,Altitude,PDOP,HDOP,VDOP,Fix.Type,Correction.Age,Station.ID,Number.of.Satellites,Fix.Time,Average.Horizontal.Accuracy..m.,Average.Vertical.Accuracy..m.,Averaged.Positions,Standard.Deviation..m.,CreationDate,Creator,EditDate,Editor,Date.and.Time,WTD..Female,WTD..Male..Mature,WTD..Male..Middle,WTD..Male..Young,WTD..Fawn,WTD..Unknown,WTD.Notes,Transect.OID,WTD.moving.into.next.transect.,Direction,WTD_Distance,x,y,date,angle.degrees,angle.radians,distance,Group.size,All.Males,Area,Transect.Number,Transect.Length,Flight.Path
25,c0d68ce7-409f-41d3-af18-52bac9356e6c,48.35572,172.19,197.4261298,2,Cedar CT8X2,4.049691346,7.4,27.650883,-98.220239,79.5,1.269999981,0.569999993,1.129999995,1,NA,NA,21,9/8/2023 22:43,NA,NA,NA,NA,9/8/2023 22:43,davepearce@tamu.edu_tamu,9/8/2023 22:43,davepearce@tamu.edu_tamu,,0,0,1,0,0,0,,NA,No,1,40,-98.220239,27.650883,9/8/2023,30,0.523598776,20,1,1,2710,10,1.25,N2S
26,c4214444-572c-4256-b707-9f99b56b759b,56.697128,182.63,201.4140587,2,Cedar CT8X2,3.201562119,6.1,27.665732,-98.21459517,86.7,1.019999981,0.50999999,0.879999995,2,NA,0,24,9/8/2023 22:50,NA,NA,NA,NA,9/8/2023 22:51,davepearce@tamu.edu_tamu,9/8/2023 22:51,davepearce@tamu.edu_tamu,,0,0,0,2,0,0,,NA,No,1,20,-98.21459517,27.665732,9/8/2023,30,0.523598776,10,2,2,2710,8,4.84,N2S
27,ffcc741d-4ce3-43d6-ace0-07330ff71ab5,54.474728,353.65,359.7689004,2,Cedar CT8X2,3.140063694,4.2,27.663607,-98.2121095,77.5,0.959999979,0.50999999,0.829999983,1,NA,NA,26,9/8/2023 22:55,NA,NA,NA,NA,9/8/2023 22:56,davepearce@tamu.edu_tamu,9/8/2023 22:56,davepearce@tamu.edu_tamu,,2,0,0,0,0,0,,NA,No,2,25,-98.2121095,27.663607,9/8/2023,60,1.047197551,21.65063509,2,0,2710,7,4.79,S2N
28,1e52adc2-649f-46e2-806c-6bcd61e75771,59.369564,5.22,354.1097951,2,Cedar CT8X2,3.220248438,4.6,27.66774817,-98.2123045,81.9,0.980000019,0.50999999,0.839999974,1,NA,NA,25,9/8/2023 22:56,NA,NA,NA,NA,9/8/2023 22:56,davepearce@tamu.edu_tamu,9/8/2023 22:56,davepearce@tamu.edu_tamu,,1,0,0,0,0,0,,NA,No,3,50,-98.2123045,27.66774817,9/8/2023,90,1.570796327,50,1,0,2710,7,4.79,S2N
29,e775ef9f-b34a-4b47-8bc7-c51a49b969e6,55.68964,184.79,196.5696104,2,Cedar CT8X2,2.780287755,5.5,27.66771233,-98.2095595,82.8,1.25999999,0.610000014,1.100000024,1,NA,NA,22,9/8/2023 23:01,NA,NA,NA,NA,9/8/2023 23:01,davepearce@tamu.edu_tamu,9/8/2023 23:01,davepearce@tamu.edu_tamu,,0,0,1,0,0,0,,NA,No,2,50,-98.2095595,27.66771233,9/8/2023,60,1.047197551,43.30127019,1,1,2710,6,4.74,N2S
30,7164c302-3dad-4d8c-9185-d2035c0529cc,58.87508,175.94,187.9682986,2,Cedar CT8X2,3,5.7,27.658922,-98.20929133,91.1,1.190000057,0.569999993,1.049999952,1,NA,NA,23,9/8/2023 23:02,NA,NA,NA,NA,9/8/2023 23:02,davepearce@tamu.edu_tamu,9/8/2023 23:02,davepearce@tamu.edu_tamu,,1,0,0,0,1,0,,NA,No,2,20,-98.20929133,27.658922,9/8/2023,60,1.047197551,17.32050808,2,0,2710,6,4.74,N2S
31,12ff18e9-e903-46ea-a0d9-48255eacdcb1,58.043532,4.88,352.5803851,2,Cedar CT8X2,5.080354318,6.4,27.66820033,-98.20723833,72.8,1.159999967,0.610000014,0.99000001,1,NA,NA,21,9/8/2023 23:07,NA,NA,NA,NA,9/8/2023 23:07,davepearce@tamu.edu_tamu,9/8/2023 23:07,davepearce@tamu.edu_tamu,,1,0,0,0,0,0,,NA,No,4,20,-98.20723833,27.66820033,9/8/2023,120,2.094395102,17.32050808,1,0,2710,5,4.68,S2N
32,eaf62ca0-c9ac-4ab3-ac25-525bb198fcb2,58.400968,3.33,354.7936956,2,Cedar CT8X2,4.701063709,6.3,27.6735695,-98.20698667,75,1.149999976,0.600000024,0.980000019,1,NA,NA,20,9/8/2023 23:07,NA,NA,NA,NA,9/8/2023 23:08,davepearce@tamu.edu_tamu,9/8/2023 23:08,davepearce@tamu.edu_tamu,,0,0,0,0,1,0,,NA,No,2,40,-98.20698667,27.6735695,9/8/2023,60,1.047197551,34.64101615,1,0,2710,5,4.68,S2N
33,af5c2277-0cfa-449e-b3e9-5cb6c157b219,54.79142,180.96,188.9595776,2,Cedar CT8X2,3.858756276,7.3,27.67817267,-98.20469983,81.9,1.309999943,0.610000014,1.159999967,1,NA,NA,21,9/8/2023 23:11,NA,NA,NA,NA,9/8/2023 23:12,davepearce@tamu.edu_tamu,9/8/2023 23:12,davepearce@tamu.edu_tamu,,1,0,0,0,1,0,,NA,No,12,60,-98.20469983,27.67817267,9/8/2023,0,0,60,2,0,2710,4,4.99,N2S
34,2bf1d061-e9e0-4995-9bd6-a73631d21c29,50.668868,357.68,352.7558903,2,Cedar CT8X2,4.924428901,5.9,27.65731917,-98.20203767,75.2,1.159999967,0.589999974,1,1,NA,NA,21,9/8/2023 23:17,NA,NA,NA,NA,9/8/2023 23:17,davepearce@tamu.edu_tamu,9/8/2023 23:17,davepearce@tamu.edu_tamu,,0,0,0,0,1,0,,NA,No,4,15,-98.20203767,27.65731917,9/8/2023,120,2.094395102,12.99038106,1,0,2710,3,4.99,S2N
35,22f5642b-124f-40ca-b7f4-f8c8ce154347,58.676916,1.11,349.6666136,2,Cedar CT8X2,4.640043103,6.6,27.674287,-98.201841,77.5,1.24000001,0.589999974,1.090000033,1,NA,NA,21,9/8/2023 23:19,NA,NA,NA,NA,9/8/2023 23:19,davepearce@tamu.edu_tamu,9/8/2023 23:19,davepearce@tamu.edu_tamu,,1,0,0,0,1,0,,NA,No,2,60,-98.201841,27.674287,9/8/2023,60,1.047197551,51.96152423,2,0,2710,3,4.99,S2N
36,d729275c-3bd7-4235-b370-ac2eba31f3a8,59.638104,173.79,200.6057878,2,Cedar CT8X2,3.640054945,5.4,27.67477917,-98.19995533,81.5,1.25999999,0.620000005,1.090000033,1,NA,NA,21,9/8/2023 23:23,NA,NA,NA,NA,9/8/2023 23:23,davepearce@tamu.edu_tamu,9/8/2023 23:23,davepearce@tamu.edu_tamu,,0,0,0,1,0,0,,NA,No,3,15,-98.19995533,27.67477917,9/8/2023,90,1.570796327,15,1,1,2710,2,4.99,N2S
37,2290116b-44b1-4268-bbb6-e82d28110262,59.197328,174.95,190.7381452,2,Cedar CT8X2,2.687005769,5,27.65634217,-98.19957017,91.4,1.100000024,0.579999983,0.939999998,1,NA,NA,22,9/8/2023 23:25,NA,NA,NA,NA,9/8/2023 23:25,davepearce@tamu.edu_tamu,9/8/2023 23:25,davepearce@tamu.edu_tamu,,1,0,0,0,0,0,,NA,No,12,0,-98.19957017,27.65634217,9/8/2023,0,0,0,1,0,2710,2,4.99,N2S
38,eea27228-a47b-49d8-a7ae-01fc4aef944f,61.447508,358.5,347.9525324,2,Cedar CT8X2,4.780167361,6.2,27.67174783,-98.19689883,70.6,1.110000014,0.589999974,0.939999998,1,NA,NA,21,9/8/2023 23:28,NA,NA,NA,NA,9/8/2023 23:29,davepearce@tamu.edu_tamu,9/8/2023 23:29,davepearce@tamu.edu_tamu,,2,0,0,0,0,2,,NA,No,3,5,-98.19689883,27.67174783,9/8/2023,90,1.570796327,5,4,0,2710,1,2.94,S2N
39,2b6e1fd7-b548-4e7f-97cb-6da738e00a40,55.630376,359.19,359.0784886,2,Cedar CT8X2,3.969886648,5.9,27.68015083,-98.19677517,74.7,1.080000043,0.579999983,0.910000026,1,NA,NA,22,9/8/2023 23:29,NA,NA,NA,NA,9/8/2023 23:29,davepearce@tamu.edu_tamu,9/8/2023 23:29,davepearce@tamu.edu_tamu,,1,0,0,0,0,0,,NA,No,2,20,-98.19677517,27.68015083,9/8/2023,60,1.047197551,17.32050808,1,0,2710,1,2.94,S2N
40,dea0004c-fd3a-4905-82c6-d5180590f194,56.511928,0.26,356.4915276,2,Cedar CT8X2,4.103656906,6.2,27.68498117,-98.19709467,73.9,1.279999971,0.579999983,1.120000005,1,NA,NA,21,9/8/2023 23:30,NA,NA,NA,NA,9/8/2023 23:30,davepearce@tamu.edu_tamu,9/8/2023 23:30,davepearce@tamu.edu_tamu,,1,0,0,0,1,0,,NA,No,2,10,-98.19709467,27.68498117,9/8/2023,60,1.047197551,8.660254038,2,0,2710,1,2.94,S2N
41,0f72ee43-467d-49f3-8106-2bc85f468896,49.62434,170.62,154.9638373,2,Cedar CT8X2,2.061552813,3.3,27.64914517,-98.2198965,84.9,1.00999999,0.50999999,0.870000005,2,NA,0,24,9/8/2023 22:43,NA,NA,NA,NA,9/8/2023 22:44,stephenw78@tamu.edu_tamu,9/8/2023 22:44,stephenw78@tamu.edu_tamu,,0,0,1,0,0,0,,NA,No,9,60,-98.2198965,27.64914517,9/8/2023,90,1.570796327,60,1,1,2710,10,1.25,N2S
42,d2cc5e4f-1446-4b8b-92e4-2d139c868a6b,54.05988,176.02,149.1785168,2,Cedar CT8X2,0.998248466,1.6,27.685292,-98.2149155,81.3,1,0.50999999,0.860000014,2,NA,0,24,9/8/2023 22:48,NA,NA,NA,NA,9/8/2023 22:48,stephenw78@tamu.edu_tamu,9/8/2023 22:48,stephenw78@tamu.edu_tamu,,0,0,1,0,0,0,,NA,No,9,15,-98.2149155,27.685292,9/8/2023,90,1.570796327,15,1,1,2710,8,4.84,N2S
43,682ec19e-af51-42ba-87cc-d6c5e4efd29c,52.674584,177.1,157.8082559,2,Cedar CT8X2,1.473227749,2.2,27.66783983,-98.21456283,80.6,1.00999999,0.540000021,0.860000014,2,NA,0,24,9/8/2023 22:50,NA,NA,NA,NA,9/8/2023 22:50,stephenw78@tamu.edu_tamu,9/8/2023 22:50,stephenw78@tamu.edu_tamu,,2,0,0,0,1,0,,NA,No,12,0,-98.21456283,27.66783983,9/8/2023,0,0,0,3,0,2710,8,4.84,N2S
44,70fd68aa-2e85-4b0e-b27a-2dfb375d7493,56.813804,357.32,349.2665643,2,Cedar CT8X2,1.336600165,3.6,27.66252467,-98.212018,75.9,0.970000029,0.5,0.829999983,2,NA,0,25,9/8/2023 22:55,NA,NA,NA,NA,9/8/2023 22:55,stephenw78@tamu.edu_tamu,9/8/2023 22:55,stephenw78@tamu.edu_tamu,,0,0,2,0,0,0,,NA,No,9.5,60,-98.212018,27.66252467,9/8/2023,75,1.308996939,57.95554958,2,2,2710,7,4.79,S2N
45,ce6d712f-f6fc-428b-b0ac-c8b10c60211a,53.954316,353.63,341.4966026,2,Cedar CT8X2,1.35764502,2.5,27.66525133,-98.21236267,74,0.99000001,0.519999981,0.839999974,2,NA,0,24,9/8/2023 22:56,NA,NA,NA,NA,9/8/2023 22:56,stephenw78@tamu.edu_tamu,9/8/2023 22:56,stephenw78@tamu.edu_tamu,,1,0,0,0,0,0,,NA,No,11,15,-98.21236267,27.66525133,9/8/2023,30,0.523598776,7.5,1,0,2710,7,4.79,S2N
46,3182903c-1aa6-4417-854b-1f568ce9a2b0,58.863968,6.27,355.2919446,2,Cedar CT8X2,1.231665539,2.2,27.6688,-98.21220783,74.9,0.970000029,0.5,0.829999983,2,NA,0,25,9/8/2023 22:56,NA,NA,NA,NA,9/8/2023 22:56,stephenw78@tamu.edu_tamu,9/8/2023 22:56,stephenw78@tamu.edu_tamu,,1,0,0,0,0,0,,NA,No,9,20,-98.21220783,27.6688,9/8/2023,90,1.570796327,20,1,0,2710,7,4.79,S2N
47,e092f252-b55b-4ddd-9bcc-e77010399c85,54.248784,5.05,349.8424551,2,Cedar CT8X2,1.218277472,2.1,27.67139317,-98.21191167,73,0.970000029,0.5,0.819999993,2,NA,0,25,9/8/2023 22:56,NA,NA,NA,NA,9/8/2023 22:57,stephenw78@tamu.edu_tamu,9/8/2023 22:57,stephenw78@tamu.edu_tamu,,1,0,0,0,0,0,,NA,No,10,40,-98.21191167,27.67139317,9/8/2023,60,1.047197551,34.64101615,1,0,2710,7,4.79,S2N
48,8c87476c-72c0-4a79-af94-4b552ebeeee6,55.343316,6.15,354.4889786,2,Cedar CT8X2,1.372443077,2.5,27.67850467,-98.21225333,76.4,1.090000033,0.540000021,0.939999998,2,NA,0,24,9/8/2023 22:57,NA,NA,NA,NA,9/8/2023 22:57,stephenw78@tamu.edu_tamu,9/8/2023 22:57,stephenw78@tamu.edu_tamu,,0,0,0,0,1,0,,NA,No,11,40,-98.21225333,27.67850467,9/8/2023,30,0.523598776,20,1,0,2710,7,4.79,S2N
49,b884acf7-e302-47fe-b47d-7a22073e0b79,50.750356,179.84,154.9025159,2,Cedar CT8X2,1.336600165,2.4,27.68612833,-98.20991567,78.3,1.169999957,0.560000002,1.029999971,2,NA,0,24,9/8/2023 22:59,NA,NA,NA,NA,9/8/2023 22:59,stephenw78@tamu.edu_tamu,9/8/2023 22:59,stephenw78@tamu.edu_tamu,,1,0,0,0,1,0,,NA,No,10.5,40,-98.20991567,27.68612833,9/8/2023,45,0.785398163,28.28427125,2,0,2710,6,4.74,N2S
50,0e13e2fc-ea5d-4ed0-b15a-5fa59df37ec7,48.877984,4.01,349.062994,2,Cedar CT8X2,1.075174404,1.9,27.66218967,-98.206961,82.9,1.070000052,0.529999971,0.930000007,2,NA,0,25,9/8/2023 23:06,NA,NA,NA,NA,9/8/2023 23:06,stephenw78@tamu.edu_tamu,9/8/2023 23:06,stephenw78@tamu.edu_tamu,,1,0,0,0,2,0,,NA,No,12,0,-98.206961,27.66218967,9/8/2023,0,0,0,3,0,2710,5,4.68,S2N
51,f3bb5cad-4bda-4b07-90d5-ad48c0961f9d,54.332124,1.2,350.2662078,2,Cedar CT8X2,1.555634919,2.6,27.6768905,-98.20706167,73.8,1.139999986,0.529999971,0.99000001,2,NA,0,24,9/8/2023 23:08,NA,NA,NA,NA,9/8/2023 23:08,stephenw78@tamu.edu_tamu,9/8/2023 23:08,stephenw78@tamu.edu_tamu,,1,0,0,0,0,0,,NA,No,10,35,-98.20706167,27.6768905,9/8/2023,60,1.047197551,30.31088913,1,0,2710,5,4.68,S2N
52,dc5f7a22-ff4b-4b82-ae29-10a87cb4ef92,51.398556,179.15,149.6037644,2,Cedar CT8X2,1.308319533,1.8,27.68040517,-98.204608,75.8,1.049999952,0.529999971,0.899999976,2,NA,0,25,9/8/2023 23:11,NA,NA,NA,NA,9/8/2023 23:11,stephenw78@tamu.edu_tamu,9/8/2023 23:11,stephenw78@tamu.edu_tamu,,0,0,1,0,0,0,,NA,No,11,40,-98.204608,27.68040517,9/8/2023,30,0.523598776,20,1,1,2710,4,4.99,N2S
53,000524ec-2870-4e17-a878-b7c821c704c3,53.998764,171.78,149.9712832,2,Cedar CT8X2,1.843908891,1.9,27.6509525,-98.2045495,79.8,1.029999971,0.529999971,0.879999995,2,NA,0,25,9/8/2023 23:14,NA,NA,NA,NA,9/8/2023 23:15,stephenw78@tamu.edu_tamu,9/8/2023 23:15,stephenw78@tamu.edu_tamu,,0,0,1,0,0,0,,NA,No,10.5,25,-98.2045495,27.6509525,9/8/2023,45,0.785398163,17.67766953,1,1,2710,4,4.99,N2S
54,a753e809-9aaf-4739-993e-4e28f76ac6a8,55.400728,6.4,6.433853356,2,Cedar CT8X2,1.153646393,2,27.6629005,-98.20170917,84.7,1.019999981,0.529999971,0.870000005,2,NA,0,25,9/8/2023 23:18,NA,NA,NA,NA,9/8/2023 23:18,stephenw78@tamu.edu_tamu,9/8/2023 23:18,stephenw78@tamu.edu_tamu,,1,0,0,0,1,0,,NA,No,10.5,80,-98.20170917,27.6629005,9/8/2023,45,0.785398163,56.56854249,2,0,2710,3,4.99,S2N
55,d773a41d-9584-4e5f-9ed9-8a303f7c3f3f,54.05062,2.17,349.9379369,2,Cedar CT8X2,1.145862121,1.9,27.67015467,-98.20227483,77.3,1.00999999,0.529999971,0.860000014,2,NA,0,25,9/8/2023 23:18,NA,NA,NA,NA,9/8/2023 23:19,stephenw78@tamu.edu_tamu,9/8/2023 23:19,stephenw78@tamu.edu_tamu,,1,0,0,0,1,0,,NA,No,12,0,-98.20227483,27.67015467,9/8/2023,0,0,0,2,0,2710,3,4.99,S2N
56,b9e420f1-8139-4b28-a535-3d69f13cd83c,60.595588,2.12,353.030244,2,Cedar CT8X2,1.198540779,2,27.67489883,-98.20185083,83.6,1.139999986,0.579999983,0.980000019,2,NA,0,25,9/8/2023 23:19,NA,NA,NA,NA,9/8/2023 23:19,stephenw78@tamu.edu_tamu,9/8/2023 23:19,stephenw78@tamu.edu_tamu,,1,0,0,0,0,0,,NA,No,9,0,-98.20185083,27.67489883,9/8/2023,90,1.570796327,0,1,0,2710,3,4.99,S2N
57,19643401-4182-4f84-a7d9-45181c009b3f,61.3475,352.55,346.7376706,2,Cedar CT8X2,1.216552506,2,27.67747933,-98.20203833,82.8,1.00999999,0.529999971,0.860000014,2,NA,0,25,9/8/2023 23:19,NA,NA,NA,NA,9/8/2023 23:20,stephenw78@tamu.edu_tamu,9/8/2023 23:20,stephenw78@tamu.edu_tamu,,2,0,1,0,1,0,,NA,No,9,5,-98.20203833,27.67747933,9/8/2023,90,1.570796327,5,4,1,2710,3,4.99,S2N
58,8c1dd1f0-6986-443d-b95b-37dc1a27c889,63.103196,357.78,338.2001262,2,Cedar CT8X2,1.2509996,2,27.68740567,-98.20233117,82,1.00999999,0.529999971,0.860000014,2,NA,0,25,9/8/2023 23:20,NA,NA,NA,NA,9/8/2023 23:20,stephenw78@tamu.edu_tamu,9/8/2023 23:20,stephenw78@tamu.edu_tamu,,1,0,0,0,1,0,,NA,No,9,5,-98.20233117,27.68740567,9/8/2023,90,1.570796327,5,2,0,2710,3,4.99,S2N
59,7004232b-dc8b-466b-9df7-d4577586301f,55.352576,178.43,150.8578691,2,Cedar CT8X2,1.530522787,1.9,27.684824,-98.19959033,78.6,1,0.529999971,0.850000024,2,NA,0,25,9/8/2023 23:22,NA,NA,NA,NA,9/8/2023 23:22,stephenw78@tamu.edu_tamu,9/8/2023 23:22,stephenw78@tamu.edu_tamu,,0,0,0,0,1,0,,NA,No,11,10,-98.19959033,27.684824,9/8/2023,30,0.523598776,5,1,0,2710,2,4.99,N2S
60,ab4270cd-edc6-40b1-8407-8f8a9c990fdd,55.234048,181.04,162.906555,2,Cedar CT8X2,1.2,1.6,27.67107467,-98.19949067,80.3,1.00999999,0.540000021,0.860000014,2,NA,0,24,9/8/2023 23:23,NA,NA,NA,NA,9/8/2023 23:23,stephenw78@tamu.edu_tamu,9/8/2023 23:23,stephenw78@tamu.edu_tamu,,0,0,0,0,1,0,,NA,No,9,60,-98.19949067,27.67107467,9/8/2023,90,1.570796327,60,1,0,2710,2,4.99,N2S
61,2055eaa2-c3a7-43c9-b4b8-553857273e57,58.163912,358.82,1.347241047,2,Cedar CT8X2,1.154339638,1.8,27.67559567,-98.1971975,76.4,0.970000029,0.569999993,0.819999993,2,NA,0,25,9/8/2023 23:29,NA,NA,NA,NA,9/8/2023 23:29,stephenw78@tamu.edu_tamu,9/8/2023 23:29,stephenw78@tamu.edu_tamu,,0,0,2,0,0,0,,NA,No,3,10,-98.1971975,27.67559567,9/8/2023,90,1.570796327,10,2,2,2710,1,2.94,S2N
62,915d5e3b-62f6-41a7-ae11-de1db9fc0982,NA,NA,NA,1,,NA,NA,NA,NA,NA,NA,NA,NA,NA,NA,NA,NA,,NA,NA,NA,NA,9/8/2023 23:39,stephenw78@tamu.edu_tamu,9/8/2023 23:39,stephenw78@tamu.edu_tamu,,1,0,0,0,0,0,,NA,No,9,90,-98.22481954,27.64683486,9/8/2023,90,1.570796327,90,1,0,2710,12,1.25,N2S
63,99993d6e-3a9b-4764-af15-41291de7ec85,36.7159,7.52,348.6341264,2,Cedar CT8X2,4.669047012,5,27.66590617,-98.19690167,69.2,1.419999957,0.800000012,1.169999957,1,NA,NA,12,9/9/2023 12:47,NA,NA,NA,NA,9/9/2023 12:47,davepearce@tamu.edu_tamu,9/9/2023 12:47,davepearce@tamu.edu_tamu,,0,0,1,0,0,0,,NA,No,1,15,-98.19690167,27.66590617,9/9/2023,30,0.523598776,7.5,1,1,2710,1,2.94,S2N
64,7c4f1230-5b9c-4608-8045-89be0e7dad42,43.820172,4.22,345.1419002,2,Cedar CT8X2,5.780138407,7.1,27.67117783,-98.19710217,66.7,1.409999967,0.839999974,1.129999995,1,NA,NA,14,9/9/2023 12:48,NA,NA,NA,NA,9/9/2023 12:48,davepearce@tamu.edu_tamu,9/9/2023 12:48,davepearce@tamu.edu_tamu,,1,0,0,0,1,0,,NA,No,3,10,-98.19710217,27.67117783,9/9/2023,90,1.570796327,10,2,0,2710,1,2.94,S2N
65,7e382ced-186b-40a5-ac7a-98ae67197777,54.250636,359.45,342.086456,2,Cedar CT8X2,5.780138407,7.1,27.68264383,-98.19704283,75.4,1.25999999,0.839999974,1.00999999,1,NA,NA,16,9/9/2023 12:49,NA,NA,NA,NA,9/9/2023 12:50,davepearce@tamu.edu_tamu,9/9/2023 12:50,davepearce@tamu.edu_tamu,,2,0,0,0,1,0,,NA,No,3,15,-98.19704283,27.68264383,9/9/2023,90,1.570796327,15,3,0,2710,1,2.94,S2N
66,1a232f48-370f-4d98-b217-fd1c5c007c6c,55.743348,359.49,343.0469446,2,Cedar CT8X2,5.780138407,7.1,27.68627017,-98.19714667,83.6,1.279999971,0.75999999,1.019999981,1,NA,NA,15,9/9/2023 12:50,NA,NA,NA,NA,9/9/2023 12:50,davepearce@tamu.edu_tamu,9/9/2023 12:50,davepearce@tamu.edu_tamu,,2,0,0,0,1,0,,NA,No,2,25,-98.19714667,27.68627017,9/9/2023,60,1.047197551,21.65063509,3,0,2710,1,2.94,S2N
67,8a4eed6e-1287-4a92-8428-534ad543dc18,35.365792,190.3,198.1874091,2,Cedar CT8X2,5.403702434,6,27.689196,-98.199555,69.3,1.309999943,0.790000021,1.049999952,1,NA,NA,15,9/9/2023 12:51,NA,NA,NA,NA,9/9/2023 12:51,davepearce@tamu.edu_tamu,9/9/2023 12:51,davepearce@tamu.edu_tamu,,0,0,1,0,0,0,,NA,No,12,0,-98.199555,27.689196,9/9/2023,0,0,0,1,1,2710,2,4.99,N2S
68,46f20d20-9702-4122-b543-aa2d3fa76674,50.21698,182.24,191.9105881,2,Cedar CT8X2,5.403702434,6,27.67504517,-98.1995505,68.7,1.210000038,0.699999988,0.99000001,1,NA,NA,17,9/9/2023 12:53,NA,NA,NA,NA,9/9/2023 12:53,davepearce@tamu.edu_tamu,9/9/2023 12:53,davepearce@tamu.edu_tamu,,1,0,0,0,0,0,,NA,No,2,45,-98.1995505,27.67504517,9/9/2023,60,1.047197551,38.97114317,1,0,2710,2,4.99,N2S
69,68b4d814-507f-48ad-a887-2adb3f43ae93,55.302572,1.31,345.1885043,2,Cedar CT8X2,5.403702434,6,27.65689117,-98.20206367,75.3,1.309999943,0.720000029,1.100000024,2,NA,0,16,9/9/2023 12:59,NA,NA,NA,NA,9/9/2023 12:59,davepearce@tamu.edu_tamu,9/9/2023 12:59,davepearce@tamu.edu_tamu,,0,0,0,1,0,0,,NA,No,12,0,-98.20206367,27.65689117,9/9/2023,0,0,0,1,1,2710,3,4.99,S2N
70,7a3c3899-4151-4ef9-95e7-e26a32dd860b,52.306036,1.78,344.2343712,2,Cedar CT8X2,5.403702434,6,27.675102,-98.20202583,73.8,1.179999948,0.660000026,0.980000019,2,NA,0,16,9/9/2023 13:01,NA,NA,NA,NA,9/9/2023 13:01,davepearce@tamu.edu_tamu,9/9/2023 13:01,davepearce@tamu.edu_tamu,,0,0,1,0,0,0,,NA,No,3,80,-98.20202583,27.675102,9/9/2023,90,1.570796327,80,1,1,2710,3,4.99,S2N
71,4680d864-66b8-45cf-8227-84c1c81a9e69,52.713476,181.52,191.5088637,2,Cedar CT8X2,3.748332963,5.1,27.679252,-98.20466583,72.6,1.080000043,0.610000014,0.889999986,1,NA,NA,18,9/9/2023 13:05,NA,NA,NA,NA,9/9/2023 13:05,davepearce@tamu.edu_tamu,9/9/2023 13:05,davepearce@tamu.edu_tamu,,2,0,0,0,1,0,,NA,No,10,1,-98.20466583,27.679252,9/9/2023,60,1.047197551,0.866025404,3,0,2710,4,4.99,N2S
72,87311e98-7466-4a96-99d1-c15d7e1ca8e4,46.50372,176.58,177.9634612,2,Cedar CT8X2,4.30464865,5,27.6624175,-98.20461683,79,1.210000038,0.629999995,1.00999999,1,NA,NA,16,9/9/2023 13:07,NA,NA,NA,NA,9/9/2023 13:07,davepearce@tamu.edu_tamu,9/9/2023 13:07,davepearce@tamu.edu_tamu,,1,0,0,0,0,0,,NA,No,2,75,-98.20461683,27.6624175,9/9/2023,60,1.047197551,64.95190528,1,0,2710,4,4.99,N2S
73,b1b84399-63d1-4444-b40f-f7b3f67dd87a,52.165284,1.93,341.0636676,2,Cedar CT8X2,4.622769733,5.7,27.659449,-98.20704983,79.7,1.220000029,0.629999995,1.029999971,1,NA,NA,16,9/9/2023 13:11,NA,NA,NA,NA,9/9/2023 13:12,davepearce@tamu.edu_tamu,9/9/2023 13:12,davepearce@tamu.edu_tamu,,1,0,0,0,1,0,,NA,No,3,60,-98.20704983,27.659449,9/9/2023,90,1.570796327,60,2,0,2710,5,4.68,S2N
74,088b91be-b6ce-469e-8781-66b9cce50da5,45.711064,2.14,348.0213816,2,Cedar CT8X2,5.060632372,6.4,27.66262517,-98.20706467,84.7,1.24000001,0.649999976,1.049999952,1,NA,NA,16,9/9/2023 13:12,NA,NA,NA,NA,9/9/2023 13:12,davepearce@tamu.edu_tamu,9/9/2023 13:12,davepearce@tamu.edu_tamu,,2,0,0,0,0,0,,NA,No,3,50,-98.20706467,27.66262517,9/9/2023,90,1.570796327,50,2,0,2710,5,4.68,S2N
75,f14dc33c-41df-44ec-8d3f-2248c55dd612,50.233648,2.59,345.08474,2,Cedar CT8X2,3.773592453,4.4,27.67740583,-98.20696567,81.3,1.25,0.649999976,1.070000052,1,NA,NA,16,9/9/2023 13:14,NA,NA,NA,NA,9/9/2023 13:14,davepearce@tamu.edu_tamu,9/9/2023 13:14,davepearce@tamu.edu_tamu,,0,0,0,0,1,0,,NA,No,12.5,15,-98.20696567,27.67740583,9/9/2023,15,0.261799388,3.882285677,1,0,2710,5,4.68,S2N
76,463f165d-1306-4bde-8c16-eca2ffae64d1,43.30902,359.93,341.3426484,2,Cedar CT8X2,4.802082881,5.4,27.68729367,-98.20710833,75.7,1.190000057,0.649999976,1,1,NA,NA,16,9/9/2023 13:15,NA,NA,NA,NA,9/9/2023 13:15,davepearce@tamu.edu_tamu,9/9/2023 13:15,davepearce@tamu.edu_tamu,,1,0,0,0,0,0,,NA,No,2,80,-98.20710833,27.68729367,9/9/2023,60,1.047197551,69.2820323,1,0,2710,5,4.68,S2N
77,128afe49-2ab2-4687-8fec-61acde94ed6a,49.266904,185.69,209.8346848,2,Cedar CT8X2,3.471310992,4,27.653667,-98.2098065,88.7,1.149999976,0.600000024,0.980000019,2,NA,0,19,9/9/2023 13:20,NA,NA,NA,NA,9/9/2023 13:20,davepearce@tamu.edu_tamu,9/9/2023 13:20,davepearce@tamu.edu_tamu,,2,0,0,0,0,0,,NA,No,2,75,-98.2098065,27.653667,9/9/2023,60,1.047197551,64.95190528,2,0,2710,6,4.74,N2S
78,a5e648d2-3eb6-466f-bbb1-7f966af64597,44.848032,178.98,204.2265667,2,Cedar CT8X2,3.330165161,4.2,27.64876583,-98.20973383,74.3,1.159999967,0.600000024,0.99000001,2,NA,0,19,9/9/2023 13:21,NA,NA,NA,NA,9/9/2023 13:21,davepearce@tamu.edu_tamu,9/9/2023 13:21,davepearce@tamu.edu_tamu,,2,0,0,0,1,0,,NA,No,1,10,-98.20973383,27.64876583,9/9/2023,30,0.523598776,5,3,0,2710,6,4.74,N2S
79,af9e4edc-36ea-4843-969e-9dbcfa20eed1,44.509116,358.75,350.1500886,2,Cedar CT8X2,3.189043744,4.4,27.653082,-98.2122525,79.3,1.25999999,0.620000005,1.090000033,2,NA,0,17,9/9/2023 13:23,NA,NA,NA,NA,9/9/2023 13:23,davepearce@tamu.edu_tamu,9/9/2023 13:23,davepearce@tamu.edu_tamu,,0,1,0,0,0,0,,NA,No,3,30,-98.2122525,27.653082,9/9/2023,90,1.570796327,30,1,1,2710,7,4.79,S2N
80,fd45f58a-4c3f-4ad5-999c-0595fbe198d8,46.18888,358.94,353.7264823,2,Cedar CT8X2,2.780287755,4.6,27.66916283,-98.21223683,76.2,1.200000048,0.579999983,1.059999943,2,NA,0,19,9/9/2023 13:25,NA,NA,NA,NA,9/9/2023 13:31,davepearce@tamu.edu_tamu,9/9/2023 13:31,davepearce@tamu.edu_tamu,,2,0,0,0,2,0,,NA,No,3,20,-98.21223683,27.66916283,9/9/2023,90,1.570796327,20,4,0,2710,7,4.79,S2N
81,c71e8759-2126-4743-a93d-a5b4e005eabc,44.886924,179.09,202.0327782,2,Cedar CT8X2,3.535533906,4.1,27.654062,-98.2199715,81.5,1.110000014,0.550000012,0.970000029,2,NA,0,22,9/9/2023 13:36,NA,NA,NA,NA,9/9/2023 13:36,davepearce@tamu.edu_tamu,9/9/2023 13:36,davepearce@tamu.edu_tamu,,1,0,0,0,1,0,,NA,No,2,15,-98.2199715,27.654062,9/9/2023,60,1.047197551,12.99038106,2,0,2710,10,1.25,N2S
82,54bef826-74a2-4b0e-9898-d1b5964527f1,54.565476,0.94,358.9912474,2,Cedar CT8X2,2.9,5.8,27.65429033,-98.222251,84.3,1.230000019,0.569999993,1.090000033,2,NA,0,20,9/9/2023 13:39,NA,NA,NA,NA,9/9/2023 13:39,davepearce@tamu.edu_tamu,9/9/2023 13:39,davepearce@tamu.edu_tamu,,1,0,0,0,0,0,,NA,No,12,0,-98.222251,27.65429033,9/9/2023,0,0,0,1,0,2710,11,1.25,S2N
83,a0383894-f2bc-48a9-9b5a-cf74feac50cc,48.585368,179.15,203.3522888,2,Cedar CT8X2,3.753664876,5.4,27.64763267,-98.22503183,76.8,1.200000048,0.569999993,1.059999943,2,NA,0,20,9/9/2023 13:40,NA,NA,NA,NA,9/9/2023 13:41,davepearce@tamu.edu_tamu,9/9/2023 13:41,davepearce@tamu.edu_tamu,,0,0,0,1,0,0,,NA,No,12,5,-98.22503183,27.64763267,9/9/2023,0,0,5,1,1,2710,12,1.25,N2S
84,1fdd4181-4e9a-4008-aef9-dfe386f355a0,33.661952,182.4,156.7246191,2,Cedar CT8X2,2.343074903,3.5,27.68629233,-98.19963717,59.6,0.959999979,0.529999971,0.800000012,2,NA,0,24,9/9/2023 12:51,NA,NA,NA,NA,9/9/2023 12:52,stephenw78@tamu.edu_tamu,9/9/2023 12:52,stephenw78@tamu.edu_tamu,,0,0,0,0,0,1,,NA,No,11,50,-98.19963717,27.68629233,9/9/2023,30,0.523598776,25,1,0,2710,2,4.99,N2S
85,ecc10d81-dc7c-439c-85f6-de488c798484,54.650668,188.62,159.9042498,2,Cedar CT8X2,3.023243292,3.6,27.6609085,-98.19962067,70.9,0.980000019,0.519999981,0.819999993,2,NA,0,25,9/9/2023 12:55,NA,NA,NA,NA,9/9/2023 12:55,stephenw78@tamu.edu_tamu,9/9/2023 12:55,stephenw78@tamu.edu_tamu,,5,0,0,0,2,0,,NA,No,1,25,-98.19962067,27.6609085,9/9/2023,30,0.523598776,12.5,7,0,2710,2,4.99,N2S
86,0b6ba57d-cfc4-411a-83c7-55cfb043b26c,52.922752,359.14,345.7856054,2,Cedar CT8X2,2.561249695,3.9,27.67136183,-98.20206,71.3,1.080000043,0.560000002,0.920000017,2,NA,0,23,9/9/2023 13:01,NA,NA,NA,NA,9/9/2023 13:01,stephenw78@tamu.edu_tamu,9/9/2023 13:01,stephenw78@tamu.edu_tamu,,3,0,0,0,0,0,,NA,No,11,50,-98.20206,27.67136183,9/9/2023,30,0.523598776,25,3,0,2710,3,4.99,S2N
87,87351d15-176e-404c-b9f8-e31e2b04d345,57.900928,359.39,344.7060504,2,Cedar CT8X2,1.910497317,2.7,27.68168767,-98.20223683,69.9,0.949999988,0.50999999,0.800000012,2,NA,0,25,9/9/2023 13:02,NA,NA,NA,NA,9/9/2023 13:02,stephenw78@tamu.edu_tamu,9/9/2023 13:02,stephenw78@tamu.edu_tamu,,2,0,0,2,0,0,,NA,No,11,30,-98.20223683,27.68168767,9/9/2023,30,0.523598776,15,4,2,2710,3,4.99,S2N
88,332c9763-ad5d-4174-9d0b-6984beb3d2bc,55.387764,356.52,343.457818,2,Cedar CT8X2,1.562049935,2.3,27.68772283,-98.20215417,71.5,0.910000026,0.5,0.75999999,2,NA,0,26,9/9/2023 13:03,NA,NA,NA,NA,9/9/2023 13:03,stephenw78@tamu.edu_tamu,9/9/2023 13:03,stephenw78@tamu.edu_tamu,,0,0,0,0,0,1,,NA,No,9,50,-98.20215417,27.68772283,9/9/2023,90,1.570796327,50,1,0,2710,3,4.99,S2N
89,b46b63d3-09cf-4c93-9fd5-f7052d4f5666,43.851656,178.44,155.0445702,2,Cedar CT8X2,2.48394847,3.2,27.68540483,-98.204814,69.6,0.949999988,0.50999999,0.790000021,2,NA,0,25,9/9/2023 13:04,NA,NA,NA,NA,9/9/2023 13:04,stephenw78@tamu.edu_tamu,9/9/2023 13:04,stephenw78@tamu.edu_tamu,,2,0,1,0,0,0,,NA,No,9,50,-98.204814,27.68540483,9/9/2023,90,1.570796327,50,3,1,2710,4,4.99,N2S
90,06900ee8-59e4-4ad7-a9e9-eabc0b423f83,52.728292,181.73,154.6523807,2,Cedar CT8X2,2.549509757,3.1,27.67910217,-98.20467617,72,0.970000029,0.550000012,0.800000012,2,NA,0,23,9/9/2023 13:05,NA,NA,NA,NA,9/9/2023 13:05,stephenw78@tamu.edu_tamu,9/9/2023 13:06,stephenw78@tamu.edu_tamu,,2,0,0,0,0,0,,NA,No,9,10,-98.20467617,27.67910217,9/9/2023,90,1.570796327,10,2,0,2710,4,4.99,N2S
91,a999b2a9-8aa9-49c7-8c57-6e3a7d5eeae1,47.896424,3.17,350.7092488,2,Cedar CT8X2,2.758622845,3.7,27.66881533,-98.20713333,71.6,1.090000033,0.569999993,0.930000007,2,NA,0,23,9/9/2023 13:13,NA,NA,NA,NA,9/9/2023 13:13,stephenw78@tamu.edu_tamu,9/9/2023 13:13,stephenw78@tamu.edu_tamu,,3,0,0,0,0,0,,NA,No,11,100,-98.20713333,27.66881533,9/9/2023,30,0.523598776,50,3,0,2710,5,4.68,S2N
92,698891b7-1b9e-4575-9d8a-3bbfd41b88b8,47.44824,356.57,346.7275559,2,Cedar CT8X2,2.617250466,3.5,27.6819355,-98.20706983,72.6,1.080000043,0.560000002,0.920000017,2,NA,0,24,9/9/2023 13:14,NA,NA,NA,NA,9/9/2023 13:14,stephenw78@tamu.edu_tamu,9/9/2023 13:14,stephenw78@tamu.edu_tamu,,0,0,1,0,0,0,,NA,No,9,20,-98.20706983,27.6819355,9/9/2023,90,1.570796327,20,1,1,2710,5,4.68,S2N
93,ce511d6f-28e2-4f5c-877d-b82cf1714771,45.548088,358.37,350.1161118,2,Cedar CT8X2,2.28035085,3.2,27.68684383,-98.20710633,73.4,0.99000001,0.519999981,0.850000024,2,NA,0,26,9/9/2023 13:15,NA,NA,NA,NA,9/9/2023 13:15,stephenw78@tamu.edu_tamu,9/9/2023 13:15,stephenw78@tamu.edu_tamu,,1,0,0,0,1,0,,NA,No,12,15,-98.20710633,27.68684383,9/9/2023,0,0,15,2,0,2710,5,4.68,S2N
94,7d400488-efa0-4820-9cf8-b785955f5c29,49.092816,182.61,155.065211,2,Cedar CT8X2,2.2627417,3.5,27.678129,-98.20972783,72.3,1.00999999,0.519999981,0.860000014,2,NA,0,24,9/9/2023 13:17,NA,NA,NA,NA,9/9/2023 13:17,stephenw78@tamu.edu_tamu,9/9/2023 13:17,stephenw78@tamu.edu_tamu,,1,0,0,0,0,0,,NA,No,10,30,-98.20972783,27.678129,9/9/2023,60,1.047197551,25.98076211,1,0,2710,6,4.74,N2S
95,1c50e0c0-2c80-400c-80a6-77264523da7d,52.009716,178.36,151.6829969,2,Cedar CT8X2,2.408318916,3.5,27.64742717,-98.20973733,73.9,1.039999962,0.5,0.910000026,2,NA,0,26,9/9/2023 13:21,NA,NA,NA,NA,9/9/2023 13:21,stephenw78@tamu.edu_tamu,9/9/2023 13:21,stephenw78@tamu.edu_tamu,,0,0,1,0,0,0,,NA,No,12,15,-98.20973733,27.64742717,9/9/2023,0,0,15,1,1,2710,6,4.74,N2S
96,bcb1074d-648e-4d47-990e-eec3ce0aa37b,55.219232,356.56,346.0536348,2,Cedar CT8X2,2.19317122,3.2,27.66080867,-98.21222067,72.2,1.139999986,0.620000005,0.959999979,2,NA,0,25,9/9/2023 13:24,NA,NA,NA,NA,9/9/2023 13:24,stephenw78@tamu.edu_tamu,9/9/2023 13:24,stephenw78@tamu.edu_tamu,,0,0,1,0,0,0,,NA,No,9,10,-98.21222067,27.66080867,9/9/2023,90,1.570796327,10,1,1,2710,7,4.79,S2N
97,c1eed438-fb75-48bb-b0ed-4fe56e2f2c4a,51.509676,359.09,347.4340408,2,Cedar CT8X2,2.334523506,3.2,27.66387917,-98.212294,69.7,1.059999943,0.550000012,0.910000026,2,NA,0,25,9/9/2023 13:24,NA,NA,NA,NA,9/9/2023 13:24,stephenw78@tamu.edu_tamu,9/9/2023 13:24,stephenw78@tamu.edu_tamu,,1,0,0,0,1,0,,NA,No,12,10,-98.212294,27.66387917,9/9/2023,0,0,10,2,0,2710,7,4.79,S2N
98,4c38801d-fcd8-4e33-85c6-42484d72b7ad,46.588912,1.36,344.3592817,2,Cedar CT8X2,2.126029163,2.8,27.6676275,-98.21226883,68.9,1,0.49000001,0.870000005,2,NA,0,27,9/9/2023 13:25,NA,NA,NA,NA,9/9/2023 13:25,stephenw78@tamu.edu_tamu,9/9/2023 13:25,stephenw78@tamu.edu_tamu,,6,0,0,0,0,0,,NA,No,11,60,-98.21226883,27.6676275,9/9/2023,30,0.523598776,30,6,0,2710,7,4.79,S2N
99,dfa40ad1-a7b0-4349-9466-18df293d0adf,48.452024,0.25,349.6523718,2,Cedar CT8X2,2.126029163,2.9,27.66964133,-98.21224433,74.4,1.120000005,0.569999993,0.959999979,2,NA,0,24,9/9/2023 13:25,NA,NA,NA,NA,9/9/2023 13:25,stephenw78@tamu.edu_tamu,9/9/2023 13:25,stephenw78@tamu.edu_tamu,,1,0,0,0,1,0,,NA,No,12.5,20,-98.21224433,27.66964133,9/9/2023,15,0.261799388,5.176380902,2,0,2710,7,4.79,S2N
100,c782d082-f44c-4514-9137-84a0b3340a38,44.370216,0.92,349.7609326,2,Cedar CT8X2,2.061552813,2.8,27.672542,-98.212134,70,1.019999981,0.50999999,0.889999986,2,NA,0,26,9/9/2023 13:25,NA,NA,NA,NA,9/9/2023 13:25,stephenw78@tamu.edu_tamu,9/9/2023 13:25,stephenw78@tamu.edu_tamu,,2,0,0,0,0,0,,NA,No,9,50,-98.212134,27.672542,9/9/2023,90,1.570796327,50,2,0,2710,7,4.79,S2N
101,4dff08f7-e3f1-4ee3-99f9-874327d68899,49.076148,194.97,169.7887356,2,Cedar CT8X2,1.62788206,3.2,27.6883295,-98.21458617,73.6,1.070000052,0.5,0.939999998,2,NA,0,27,9/9/2023 13:28,NA,NA,NA,NA,9/9/2023 13:28,stephenw78@tamu.edu_tamu,9/9/2023 13:28,stephenw78@tamu.edu_tamu,,1,0,0,0,0,0,,NA,No,12.5,20,-98.21458617,27.6883295,9/9/2023,15,0.261799388,5.176380902,1,0,2710,8,4.84,N2S
102,5cfb3ac6-fe22-46d1-a009-69cf56710ffe,51.122608,182.23,156.9274347,2,Cedar CT8X2,3.466987165,5.6,27.67195533,-98.21484533,70.8,1.139999986,0.569999993,1,2,NA,0,23,9/9/2023 13:30,NA,NA,NA,NA,9/9/2023 13:31,stephenw78@tamu.edu_tamu,9/9/2023 13:31,stephenw78@tamu.edu_tamu,,3,0,1,0,2,0,,NA,No,11.5,20,-98.21484533,27.67195533,9/9/2023,15,0.261799388,5.176380902,6,1,2710,8,4.84,N2S
103,b5f7e328-6f70-4f09-abd0-76d73d86c788,50.224388,181.84,157.8058381,2,Cedar CT8X2,2.469817807,4.3,27.6576685,-98.214742,73.5,1.080000043,0.5,0.949999988,2,NA,0,24,9/9/2023 13:32,NA,NA,NA,NA,9/9/2023 13:32,stephenw78@tamu.edu_tamu,9/9/2023 13:32,stephenw78@tamu.edu_tamu,,1,0,0,0,0,0,,NA,No,10,40,-98.214742,27.6576685,9/9/2023,60,1.047197551,34.64101615,1,0,2710,8,4.84,N2S
