"","segID","woody_prp","herb_prp","open_prp","woody_mnParea","herb_mnParea","woody_ClmIdx","herb_ClmIdx","woody_ShpInx","herb_ShpInx","woody_lrgPInx","herb_lrgPInx","woody_AggInx","herb_AggInx","woody_EdgDens","herb_EdgDens","woody_Pdens","herb_Pdens","woody_Npatches","herb_Npatches"
"1","1.1",0.354211901519891,0.527499723990726,0.645788098480109,0.00420482202312404,0.00847557605616752,0.827094667261727,0.723128219440313,1.3795552130901,1.37164026421365,9.64080407161949,48.3614660759401,88.8285149750416,86.9316945360852,2684.35786637465,4594.45507770434,8416.42914226348,6229.6832019775,331,245
"2","1.2",0.377512811312596,0.613406567120238,0.622487188687404,0.00356910599913761,0.0136364754546757,0.786883645494735,0.77006451756568,1.36683863861219,1.32323586949545,18.2640045385502,57.6075618102959,86.7310761583353,91.1127914115022,3373.71656349081,3650.97073151402,10573.682641139,4498.89862375384,416,177
"3","1.3",0.607831053798254,0.386199538267676,0.392168946201746,0.00996240064173651,0.00287212093972709,0.790670098428898,0.778538623041514,1.37848903381842,1.36851582199085,52.9440273599312,21.5761222418318,91.7802835635902,86.4168924378535,3380.97535217349,3503.81461153765,6096.24096969345,13462.5321414064,240,530
"4","1.4",0.430111383975792,0.518777075687757,0.569888616024208,0.00467940361634489,0.00915869117292452,0.847174515950142,0.795500478194412,1.33846159563904,1.31445286130591,26.1611053704838,48.5126695136114,91.2932083609113,90.1592190390215,2527.19677682373,3427.15437851716,9195.16346262095,5664.42390100683,362,223
"5","1.5",0.75410032103467,0.24405993873665,0.24589967896533,0.0210306396525848,0.00244059914198553,0.800128575279991,0.792261445838695,1.39804458082933,1.38341619824912,72.6842659102347,12.5653108843849,95.0775134772942,84.3036067426311,2507.51086280592,2572.47860558349,3583.90118897392,10014.5891379839,141,394
"6","1.6",0.790972822786906,0.205908329806613,0.209027177213094,0.0471752757661215,0.00173208576467919,0.766688408022857,0.755961385597486,1.40822750282805,1.39771397322043,77.2971390406134,2.99728268328164,95.1307233144031,80.6129306868587,2582.51820995051,2686.51427845237,1677.3558909387,11868.5636525511,66,467
"7","1.7",0.772489741844076,0.221944173551438,0.227510258155924,0.0292115788047725,0.00183471440389941,0.77612893328602,0.759161637331833,1.37399697219795,1.35721826472274,73.445608896618,3.90188092078166,94.9047842708253,81.2637431025184,2640.61133095243,2800.78706142913,2644.17070413068,12102.1659150596,104,476
"8","1.8",0.700355131932433,0.282670297722003,0.299644868067567,0.0182474713741062,0.00237101081371205,0.785342381923981,0.74913224776435,1.37631863607643,1.3753798423157,33.2015593257563,7.09474917183697,93.5687966326169,82.0043629733338,3016.46555600069,3423.98886258115,3838.32443333036,11921.6831737214,151,469
"9","1.9",0.4828001803244,0.411277635174298,0.5171998196756,0.00603382896010422,0.00544618216900356,0.815430372095112,0.689782877742525,1.36002701911121,1.38825225092185,8.0485751413877,37.4489814594506,90.4605638625728,81.7337149757374,3090.5490433062,5029.2535215915,8007.39374083428,7549.82838421517,315,297
"10","1.10",0.483347746885753,0.461414613502125,0.516652253114247,0.00729489702163285,0.00784441608972217,0.83402884786227,0.763871333886462,1.35583183349548,1.33592822100238,10.6149649402245,43.6334010728474,91.4381480496791,87.2671396214366,2767.55573728853,3959.86268644299,6636.64115723199,5873.80884030878,261,231
"11","1.11",0.855726152912063,0.14270995280719,0.144273847087937,0.0611751312133925,0.00159233908562317,0.817895877748562,0.809314578123803,1.31401624225168,1.30359426240949,81.2754471842262,9.47527334278787,97.3619519945039,83.6632866570095,1528.73716270127,1579.66965268141,1397.84773261745,8997.05631539233,55,354
"12","1.12",0.567398263301199,0.403018985944514,0.432601736698801,0.0108934250919562,0.00413840235535271,0.801590514519497,0.753174703715245,1.39313110747116,1.35450070564793,31.408021522497,31.2881470703965,91.4215190385627,85.2617645716372,3278.09337527812,3977.81852679823,5210.82720475688,9735.35033864334,205,383
"13","1.13",0.393732869782757,0.541397641778415,0.606267130217243,0.00312459697546712,0.0102497891217873,0.792278348980431,0.717761819072441,1.35845676904482,1.34195240425443,7.97106750306333,52.0995263263776,87.4050300519344,87.0603196134119,3322.26865208709,4700.31136625758,12598.7827962019,5283.36052743952,496,208
"14","1.14",0.418313279611436,0.511452698973397,0.581686720388564,0.00386388783671763,0.00893952057584682,0.810253429363228,0.720712331795471,1.36091481157843,1.36699842245464,12.3907238743187,47.4450418815611,88.9774309171225,86.3405559400023,3093.4134637939,4688.20473558973,10846.3279079955,5715.27817166039,427,225
"15","1.15",0.815230191734442,0.183104552312958,0.184769808265558,0.0493033877913159,0.00112436824715439,0.732950796983081,0.726206712955853,1.35091920493875,1.3497593717098,78.5118518993252,2.37678877159573,95.0603855886116,77.6391578841462,2700.89624701996,2753.69342785353,1653.09086845146,16302.019179652,65,641
"16","2.1",0.651863514210483,0.313363554928201,0.346652551191219,0.0192688012412345,0.00406312284237852,0.824113645097784,0.757870251301447,1.40211831873179,1.36347300493871,30.5721766828329,12.4252049272519,93.8469766214283,83.4097211246965,2746.01009331962,3466.89210389199,3374.21359082665,7748.19417152786,135,310
"17","2.2",0.695100869769841,0.263845269664853,0.304663812687236,0.0346945522349216,0.00292610018849082,0.819868509422269,0.723742952687786,1.43190958241322,1.49747410705337,67.0286136171286,4.95561197846326,94.491089676,79.6524519156397,2601.1559886768,3607.46451805911,2000.81220091942,9003.6549041374,80,360
"18","2.3",0.807330648445631,0.174795239603602,0.192669351554369,0.0424278974699095,0.00182197414333968,0.810948305313926,0.748575246889859,1.38118015182125,1.40665285183677,69.0040787661057,4.3461818967613,96.3414565842019,79.2685448436288,2024.52655722197,2428.65153025997,1900.82293393857,9629.16881008353,76,385
"19","2.4",0.816859333556628,0.179745987489476,0.183140666443372,0.0402146692571763,0.00134838814656065,0.742430272927786,0.72252037602755,1.41688880863232,1.41402186277498,80.995360987254,1.242174480926,95.2362999268147,77.2699909702017,2648.8912095829,2739.11925403628,2026.75301090995,13411.6001709597,81,536
"20","2.5",0.821736926891958,0.176299165565551,0.178263073108042,0.0586086466325215,0.00109277784817098,0.718049456345996,0.704506345191475,1.39785913786415,1.38890590628868,80.9525952865348,1.71398736114362,94.9448094467739,75.6829411915308,2808.33459681873,2871.94897166967,1400.31638131873,16203.660983831,56,648
"21","2.6",0.708913812924893,0.281155799364528,0.291086187075107,0.0171482192864556,0.0023287968305121,0.763249249373312,0.743829647455153,1.40344930363863,1.38355615450804,59.6032217957727,14.7089031839559,93.0894905861547,81.5792020127084,3300.92907712018,3482.92089108135,4129.35207136296,12062.7133236179,165,482
"22","2.7",0.550867318776976,0.402767095273859,0.449132681223024,0.00892100462324554,0.00493166902933876,0.821285074898199,0.771316758390376,1.37521770894433,1.34312308584507,31.6489409562886,31.7362198348,91.9710304213384,86.3209404353451,2989.97633147395,3714.90087608145,6173.50561386772,8148.02765231125,247,326
"23","2.8",0.621302899757448,0.370035839698802,0.378697100242551,0.0137012826505524,0.00276770167082456,0.748948880047999,0.731010221986157,1.4152720118394,1.40668732059332,58.1844702153713,6.3332853129727,90.4662329051578,83.0813315449335,3994.54356209734,4182.7233443623,4526.91912222055,13405.6831464653,181,536
"24","2.9",0.557107173240176,0.41850236211921,0.442892826759824,0.0110083373427852,0.00406669275591005,0.809284254965173,0.767781079798979,1.36688679633382,1.34906051315189,38.5279827244916,31.7122548137484,91.5279583875163,86.5261208493044,3200.91766052293,3766.42061151728,5048.687016071,10322.315532858,202,413
"25","2.10",0.263828670220951,0.609502430370122,0.736171329779049,0.00293010018874754,0.017515166595896,0.861250698166762,0.739431406644816,1.30055937853738,1.31762275284002,3.66695776651391,59.8039127420705,89.7852692287887,89.8081419081902,1836.93000924516,4169.32994803085,9003.08747925462,3476.19211004553,360,139
"26","2.11",0.595140894155133,0.387796113077404,0.404859105844867,0.0117060303107147,0.0036663115569266,0.81556514577393,0.782327499142533,1.39189548403783,1.35784498323459,43.5262451952074,27.6314960346395,92.5158170093685,86.6939706327229,3024.05612477638,3448.34818171301,5076.10118704257,10602.300016286,203,424
"27","2.12",0.572466784925605,0.424220758063932,0.427533215074395,0.0103997461244633,0.00352232387834895,0.764508562320523,0.755744022308335,1.41687020776171,1.39753728810747,40.2538710839035,23.3966510622974,89.9244093741854,85.9445065771955,3879.78621830533,3989.76700938834,5501.5400769294,12053.3741685453,220,482
"28","2.13",0.616225072643499,0.376125861085715,0.383774927356501,0.00951164540035717,0.00289852041792808,0.798803676639196,0.78402192266716,1.36442493297327,1.34627644083506,53.6973178351806,26.2184087082572,92.2765479910223,86.5279865327962,3196.41887755361,3406.80239307522,6477.57117865736,12980.1522846454,259,519
"29","2.14",0.511120561728619,0.472637446161642,0.488879438271382,0.00593801777381243,0.00629160040528475,0.796545049250177,0.778860201587504,1.39103914431234,1.35975257188898,21.5520964549217,42.037070361706,90.0718231069229,88.3182314515048,3381.92059205744,3732.82934378436,8622.75752744799,7498.05002386782,345,300
"30","2.15",0.473328385765485,0.491501647178076,0.526671614234515,0.00591536288105038,0.00650407988917248,0.826859390698487,0.785900088834355,1.35434530602813,1.31421482336075,12.1774440422812,44.1170115066717,90.8827827282886,89.10782653512,2895.27539116132,3606.86427334881,8003.24880367769,7553.06605847082,320,302
"31","2.16",0.504267161410019,0.47476356396217,0.495732838589981,0.0069928447411141,0.00687104392087151,0.820219615132059,0.785198909753429,1.35406028461431,1.31878522079805,15.4591588835502,42.8836221634364,91.102862254025,88.7011897498475,2995.52498877066,3623.42301726713,7223.25150772377,6898.33015962547,289,276
"32","2.17",0.625789807187472,0.354983253371956,0.374210192812528,0.0118540671143147,0.00401772263841316,0.841684752502453,0.80869384979471,1.33179819429732,1.3150275552368,48.7176715401454,28.7751443576647,94.077065333603,87.6586516997257,2484.18288666799,2963.7235693382,5279.85184404484,8833.11706610345,211,353
"33","2.18",0.824593635738334,0.17117981392318,0.175406364261666,0.0491846001832376,0.00177021660887697,0.81720386226121,0.798661754845145,1.31840019735431,1.32116701461144,80.5568558260118,4.34250324067406,96.7830328273141,83.3240938729178,1797.22376609129,1925.05034990449,1675.34836456177,9702.01739477562,67,388
"34","2.19",0.912056776109135,0.0295558029854529,0.0336202916655351,0.520575462105354,0.000621562540039214,0.892052819656718,0.726242519736549,1.28047235066757,1.2881120194605,88.0505581030802,1.48647309483698,99.0491008825176,73.44181762358,600.294873140291,537.68282625334,175.173585750498,4804.76120915653,7,192
"35","2.20",0.926137751916238,0.0718442033247966,0.0726405617947024,0.115732132455093,0.00129809873832788,0.803557234383377,0.797918256220686,1.33104534877119,1.33644115751862,91.0551841420949,2.29896434130848,98.5392776347609,81.2539303232298,916.286476548309,922.135113635894,799.81359189965,5573.70096855068,32,223
"36","2.21",0.776750079189104,0.2198742024526,0.223249920810896,0.0293063792463136,0.00197097999273603,0.783213104426072,0.774811791463953,1.41032885493151,1.40051564817522,51.0329500260937,6.15810973744354,95.1533193018361,82.4399070589929,2525.08884934539,2605.91928593614,2649.35868449384,11172.2955846108,106,447
"37","2.22",0.583356712973438,0.395583510566089,0.416643287026562,0.0113951421974532,0.00581267684502226,0.821665811114092,0.790964945761098,1.41041824530403,1.35869666774237,26.7078174488914,35.2109127555428,92.5789831976978,87.3570055825021,2885.65352458835,3384.89167950463,5123.85192703226,6798.47670318427,205,272
"38","2.23",0.591973425775911,0.361657449562376,0.408026574224089,0.0110136565234175,0.00614880039608575,0.822181791548683,0.741148060374484,1.39525055815163,1.37030470976712,32.7967299606551,31.959412617382,92.7487236624211,83.4691705790297,2883.49275438453,4015.97192766765,5377.03755099178,5877.22709061893,215,235
"39","2.24",0.591876454027827,0.380486833410278,0.408123545972173,0.0116070007476885,0.00516379625100377,0.803421618171752,0.75182409048265,1.3867761693167,1.34653773557731,19.9796420239071,31.1152747876375,91.989040928621,84.6099772432117,3180.25806984441,3935.12459265298,5104.50695111097,7356.49531189522,204,294
"40","2.25",0.782259670208337,0.211740003982117,0.217740329791663,0.0473989121441931,0.00186092319679771,0.773718486316272,0.755037704727309,1.41891126166465,1.4051036291979,63.3860252417046,5.57946095817655,95.0729189519994,80.6903044957525,2583.58380909994,2754.77249222704,1650.37287798278,11377.5705982146,66,455
"41","3.1",0.592941367666444,0.378239043680818,0.407058632333556,0.0143829827446869,0.00542507177803693,0.794795270674501,0.744958908984488,1.41489245162582,1.36246368267137,35.4388644326655,28.0289282184889,91.6325287443844,84.1638981173865,3348.60589014095,4003.08435305627,4117.62917805218,6987.4919385128,165,280
"42","3.2",0.703096226755732,0.278091713305651,0.296903773244268,0.02764659001619,0.00251341776912899,0.794515928995181,0.753730804754121,1.39723116464421,1.39408046315142,57.8787144050217,15.7475506703665,93.9059857530877,82.2131174194388,2868.2524672714,3328.63362906275,2544.36914681609,11050.5444317601,102,443
"43","3.3",0.626524514096395,0.359600263602141,0.373475485903605,0.0097711290340941,0.00378481914144372,0.809649307137215,0.782207250056441,1.37350465159682,1.34818310151581,40.7647201443953,26.7203060317346,92.8882365215389,86.0546223231424,2988.92780672702,3376.705681361,6410.582186784,9503.62573215839,257,381
"44","3.4",0.558819281458747,0.434645242823614,0.441180718541253,0.00674403657900755,0.00475258886200486,0.750954405423383,0.735928386955035,1.38804477317832,1.35560921333037,23.5992888697339,26.136730955716,89.0032367161456,85.080707865518,4114.43916618593,4352.23082376181,8280.55671816633,9153.50697459953,332,367
"45","3.5",0.493546581944871,0.461189234074047,0.506453418055129,0.00537004912640768,0.00616212039694235,0.768225064360473,0.719031270748208,1.40241172023088,1.3588276157597,15.1552137273731,38.8415734068045,88.2717851408554,84.8515374383851,3879.52040202603,4681.54023389656,9198.84708349922,7478.73746625953,369,300
"46","3.6",0.358171492546746,0.618750959307312,0.641828507453253,0.00247014448901559,0.0130318113657828,0.779452968607219,0.75230388551748,1.31917711904785,1.29278306189999,12.5312269729157,58.2511097931382,85.8597171188403,90.5395050827173,3408.15814458447,3927.4095185317,14527.6555285334,4742.70541309509,582,190
"47","3.7",0.65566059030129,0.325758191355851,0.34433940969871,0.0118778831180758,0.00243900015711247,0.782613149467333,0.752092741168791,1.35743684156593,1.35720145526883,57.6860543453851,16.8515607455648,92.4999827933899,83.2959610220635,3308.03193610099,3652.06965184984,5514.38445402345,13374.253698446,221,536
"48","3.8",0.811466900181455,0.186267163788356,0.188533099818545,0.0580930751707225,0.0010082915629263,0.70416131796493,0.696642361524673,1.38586752258762,1.38705174144949,80.7664335162023,1.53448322304329,94.4202029622721,75.3172080836507,3021.82745845342,3097.69862770591,1396.70786936883,18481.438057184,56,741
"49","3.9",0.448283333483799,0.531024583133966,0.551716666516201,0.0048643786917245,0.00817726206521193,0.800924981587212,0.76578877224364,1.38933201917863,1.3316343270406,20.7229456668163,45.6910642119443,89.0307608848526,89.0010116552891,3283.3407135934,3939.82924212918,9230.1545718182,6486.05456398036,370,260
"50","3.10",0.316453182404925,0.546637058701402,0.683546817595075,0.00409447768310798,0.00863248874505365,0.853931361809075,0.74716342185201,1.31726272659224,1.3197952640557,8.36969599023146,51.0756163694805,90.0171086398631,88.5426969996703,2144.79812712443,4184.99750329368,7731.4286092504,6334.78344112775,310,254
"51","3.11",0.540841103779461,0.38827256889595,0.459158896220539,0.00977173035919059,0.0030729232748701,0.815594822283437,0.747715819561385,1.37262525756879,1.36079465023754,24.449868973687,13.8026348853071,91.5319053213027,84.5699292986754,3079.2678311199,4016.94354954598,5534.21605829008,12638.9528898787,222,507
"52","3.12",0.609822806748328,0.355253062292951,0.388760008304523,0.0145757152246311,0.0031906011023884,0.787978361341866,0.745875193550349,1.40500102511286,1.38193207210286,46.6619401042835,22.155312446714,91.7405805870807,83.602430776272,3359.29940725234,3924.39282925692,4188.09298110534,11118.3896998392,168,446
"53","3.13",0.688618429368533,0.29672800158905,0.311381570631467,0.0133930494064261,0.00224942169499496,0.789646741577665,0.757064150247231,1.34650391671711,1.34621730154647,51.03309497287,18.8777893564267,93.4469166197404,82.9201143830616,3023.07535412546,3413.70502053689,5140.52054836255,13200.6571363291,206,529
"54","3.14",0.508988145218812,0.447899455564885,0.491011854781188,0.00589193101537721,0.00590601353834095,0.82648345589101,0.760770832154129,1.31377966556437,1.28961375996726,21.7000287500898,33.8235822611946,91.4763255896436,86.7964430658919,2931.61063078862,3960.92370938726,8635.00906705469,7586.82877567811,346,304
"55","3.15",0.406995847625925,0.516582415598484,0.593004152374075,0.0043028076650345,0.00684190143083018,0.826017308102207,0.741632233464329,1.35389214785325,1.32208170638286,20.851067650809,46.6237451286748,89.6786142039658,87.5231053604436,2820.28018845785,4331.81268455546,9453.31348851126,7557.66223487839,379,303
"56","3.16",0.517650139034343,0.434951789390055,0.482349860965657,0.0073694047300326,0.00542512184479607,0.818023319975255,0.753515372898414,1.36271645393878,1.31933446429438,9.78682518587694,38.9497503681621,91.2353335130857,86.0582713793247,3041.82670702598,4075.22466106281,7033.99018420234,8006.77606074096,282,321
"57","3.17",0.418180176927243,0.527532045495577,0.581819823072757,0.00488928311378578,0.00983687505226463,0.819206619308144,0.750209127846586,1.36959341138273,1.31956538986443,6.43182960994181,49.212520652252,89.4830486542443,88.1976908153934,2969.4345731503,4165.16999512557,8555.21977949577,5362.60131950901,343,215
"58","3.18",0.391418927456183,0.538835039078717,0.608581072543817,0.00648401694660342,0.0107570156183026,0.849488493349318,0.743438815026484,1.36187209367141,1.29416109473997,8.20170872671142,51.8918045733568,90.8363686661441,88.1726002892275,2427.12775491014,4267.92773521161,6032.79408155945,5010.70913385723,242,201
"59","3.19",0.701933060664337,0.238603429128633,0.298066939335663,0.0168305400063244,0.0028645870108747,0.877224081260912,0.789282401844374,1.28283783751461,1.30315320171755,60.3501109823057,19.9759163903342,96.3365490291855,83.9608533515059,1737.67431948665,2582.24814116767,4168.70082411482,8337.40164822964,167,334
"60","3.20",0.549679935716285,0.404373459493134,0.450320064283715,0.00893732851093635,0.00728140587444992,0.861368010762455,0.792290661537757,1.33097619048134,1.30726134777468,35.9487985627667,38.0902762182798,93.7729237621168,87.6068471693891,2282.95523942616,3396.81103176259,6163.1355662615,5539.33641987876,247,222
"61","3.21",0.626323628977657,0.354980816971338,0.373676371022343,0.0130728758421086,0.0034143023782107,0.806692269024883,0.766777307942498,1.37969826497031,1.34429861657269,53.7288105157305,18.5237394052579,92.770399164957,84.9593392630241,3040.60111226463,3593.08397538899,4788.58370724285,10400.2052391681,192,417
"62","3.22",0.773588653250634,0.223603549921905,0.226411346749366,0.0272021070154217,0.00179668147846134,0.777322788425881,0.769490955210685,1.32800897414583,1.32573033456167,67.8900483126493,10.2857450744446,94.957278398071,82.1041784530833,2617.833092985,2695.51049134629,2843.68115688245,12447.3412042486,114,499
"63","3.23",0.738421955403088,0.254364900243748,0.261578044596913,0.0314961722416485,0.00282565115154848,0.780130799026766,0.762128471150978,1.453161539179,1.4254282192036,69.4068846630394,6.7571692793909,94.2479225897771,82.2643920969947,2846.46270771601,3039.19974713593,2344.36867506303,9003.37331593354,94,361
"64","3.24",0.820215185760191,0.176336787377694,0.179784814239809,0.0748137320919675,0.00146131686431928,0.756977034365984,0.748479970191351,1.38527451135244,1.37446345870766,81.3205058020049,3.02260672906926,95.6406050265261,79.2735866019368,2381.67881292351,2474.11601105109,1096.8814950514,12040.7673206778,44,483
"65","3.25",0.910043597172953,0.0886205060160488,0.0899564028270465,0.0828752780658097,0.000910116514322741,0.759826088294854,0.744667586304538,1.31268794139486,1.31879894312652,90.5472592167139,2.60347488961482,97.8152683624912,76.7550070807202,1359.0240210591,1385.64808835358,1096.87165119263,9846.91595957018,44,395
"66","4.1",0.859272628824113,0.139806876635683,0.140727371175887,0.0521596397235788,0.000900171759098809,0.730190616216938,0.717255867691092,1.34608908078703,1.34521245213652,85.3325916488722,2.4394839311669,96.1675051014252,75.7154302195161,2244.64215748043,2266.62353087464,1644.86462634928,15676.0583329348,66,629
"67","4.2",0.644925443188793,0.349929595263025,0.355074556811207,0.0118088226784942,0.00316223045200761,0.765768796323535,0.754690574367256,1.42070092074135,1.38301617807726,52.3225209525435,20.0380873673904,91.6918756156689,84.0438584029652,3568.4448648445,3771.3079985808,5464.57869574549,11053.9194621701,219,443
"68","4.3",0.650708419817706,0.334852450139879,0.349291580182294,0.012996538150624,0.0038521036964148,0.78235056594274,0.755759771913517,1.41353701343939,1.37428355442848,51.2826957255444,11.1295621420749,92.4115942429922,83.7396069538927,3288.12321839303,3677.09088527234,5011.69862814811,8676.9707591818,201,348
"69","4.4",0.696495947141336,0.293755528676909,0.303504052858664,0.0125137945280711,0.00263057159802431,0.757479491144281,0.730999556920388,1.42965932211283,1.40471827137032,63.8988683312376,8.36895994251841,92.6324648001295,81.0090615880817,3444.70380248058,3741.99138066044,5563.53875104944,11176.9747106285,223,448
"70","4.5",0.666383892714359,0.322885738265633,0.333616107285641,0.0128464623659854,0.00252385981170096,0.741130158433042,0.711729154800478,1.41228217322743,1.37307256050326,63.8060438475212,5.24482430467025,91.3632583517576,80.4807826694619,3869.72617610372,4213.42585212893,5187.16661482924,12793.3484298433,208,513
"71","4.6",0.671037669440283,0.282376405609805,0.328962330559717,0.0179565611566992,0.00215718871038716,0.797917013771389,0.731631086272168,1.40677593375562,1.39820995760815,45.122826535556,10.6748730463493,93.3570326648333,80.7378162811886,2986.32659438456,3655.78651747054,3738.32869624837,13084.1504368693,150,525
"72","4.7",0.662819240140782,0.320684053785759,0.337180759859219,0.0116037911404922,0.00391119782033589,0.809096486904628,0.77320632327926,1.3626104781995,1.3356894311366,55.0781495479805,14.898239503003,93.5600549353422,84.5982927618164,2857.25391861375,3333.36315439668,5710.71712767752,8204.48006552796,229,329
"73","4.8",0.434089781186555,0.536738100609068,0.565910218813445,0.00438159827219706,0.0100090052959081,0.801032782796177,0.757735988796305,1.36153108134512,1.34399100740445,17.2656964955409,43.6316818891421,88.7506351033274,88.7664513744824,3268.04705422083,4060.27369809556,9919.03214071233,5358.27113128932,398,215
"74","4.9",0.527787556301732,0.427017610369448,0.472212443698268,0.00783373383795702,0.00660467996213157,0.811638505344807,0.742271666110098,1.38688838463063,1.36485424738716,31.2145738077486,33.7648105063644,91.1050153391272,85.2280175056555,3154.78372835069,4232.57834033482,6737.15181667253,6462.67526117846,270,259
"75","4.10",0.388885379346443,0.553682462615853,0.611114620653557,0.00413361931389223,0.0136906675485712,0.855078912752307,0.781402546408596,1.30156303524871,1.30110748228458,9.34338674206723,54.1232440195682,91.1539663614581,90.2288969108288,2302.55965731091,3655.28166501435,9425.07008090033,4039.31574895729,378,162
"76","4.11",0.603807305911343,0.353055863955157,0.396192694088657,0.0094066465203425,0.00560547071681744,0.850339278330438,0.789859937167191,1.34112370591434,1.34789044880063,46.4636030468525,17.7691146881288,94.0614558963128,86.4219106785218,2438.14067222354,3207.48887824223,6412.48242043767,6312.67724657872,257,253
"77","4.12",0.826416218363,0.171435534534426,0.173583781637,0.0306463353074707,0.00113119219109433,0.752243632707583,0.74563949051584,1.3344641605008,1.33676607995156,78.8802745411587,5.51328236594108,95.6878065815104,78.9367021976576,2395.79676295783,2431.73146846094,2695.10282424312,15197.3853700376,108,609
"78","4.13",0.556958141969015,0.420078139803477,0.443041858030985,0.00765517857531174,0.00498514825011998,0.809315103669929,0.776331812562991,1.37823083370192,1.34157832623596,37.2095318415906,34.2057097740853,91.5543517807333,87.0257681616708,3150.81306345664,3670.29123642495,7277.27986203015,8423.70066221298,292,338
"79","4.14",0.445149354751376,0.490488223084559,0.554850645248624,0.00479243998699782,0.00840030823342864,0.820821020746014,0.752691673931352,1.35340487255189,1.32036623425145,23.6278435104225,25.3487620518161,90.0691859524195,87.3914802825191,2967.84377664232,4151.18096339849,9301.31824306652,5835.14334819723,373,234
"80","4.15",0.749887206511343,0.22932269765931,0.250112793488658,0.0390249375787857,0.00193262773955591,0.819623429523906,0.774675429346508,1.35370242901081,1.34427404218049,69.2895017809559,8.38798819275595,95.470720477032,82.6552420540774,2288.62543645075,2686.53672624794,1919.02594822139,11912.9143279198,77,478
"81","4.16",0.703491415882873,0.293322260935497,0.296508584117127,0.0233000345587638,0.00240338665788585,0.769714719373136,0.763247586471185,1.40850250509889,1.39986324575404,59.4636841396038,8.31873512105287,93.1728477330394,83.2681349145233,3210.25907392587,3309.67663953007,3019.45909769505,12202.6074278751,121,489
"82","4.17",0.575725026852846,0.402151838178881,0.424274973147154,0.00877113364485585,0.00369833968777632,0.802019247804236,0.760465722960299,1.36171647019458,1.32863929700063,17.7358795630928,28.0926631215867,91.5972706405847,85.6838421678369,3246.41289955972,3868.29895819698,6562.1901812261,10878.7639506258,263,436
"83","4.18",0.508532546407848,0.45200386243243,0.491467453592152,0.00605547813487968,0.00569717017831237,0.797716496807585,0.734937553684149,1.36600603273425,1.32781376198421,13.4363190822839,41.1168059457664,90.0642189645246,85.4672109060788,3388.32677996829,4408.16092970921,8402.62327151915,7928.88486748691,337,318
"84","4.19",0.557163230674802,0.364145936383002,0.442836769325198,0.00918918577712269,0.00623753886334046,0.859007036567387,0.752101110252954,1.3533137116677,1.34153882423352,22.3531736763623,34.0229244893193,93.7566266035369,84.2387060791969,2341.85508593104,3860.87194378392,6063.49110255558,5838.91735801649,243,234
"85","4.20",0.468202981196088,0.422339120077959,0.531797018803912,0.00605309363750765,0.00707979961923596,0.822467361983354,0.691601174470631,1.38640098185533,1.35630222327287,5.37776222646893,40.1806942463148,90.5758408082515,82.165223896548,2943.68323462696,5062.39946689694,7750.73195740293,5956.35028237717,311,239
"86","4.21",0.478878069470891,0.447878782409371,0.521121930529109,0.00609805753567448,0.00879900056680343,0.810679237509797,0.701111941107551,1.40327723253146,1.35022224094135,6.50333515876792,43.2277873039528,90.1368419071282,83.4903047091413,3159.64762159902,4966.07967786109,7855.3532542289,5087.2763932149,315,204
"87","4.22",0.489517242624164,0.489634570085108,0.510482757375836,0.00559723112978492,0.0104447879068594,0.805843935203731,0.769329502182909,1.39358700062914,1.32491391375057,9.6207506033717,46.2797311967844,90.0909107639081,88.2215389147686,3255.51547863876,3880.56966510514,8747.76763410009,4685.41400344962,351,188
"88","4.23",0.734703270521984,0.260703198325031,0.265296729478016,0.0193845801960547,0.00246472657386334,0.781776680432342,0.768438119752352,1.38719407200446,1.3531714238076,69.2501054861791,6.60388368689906,94.2122009085392,82.8785279900203,2847.07936525861,3009.27371212331,3790.5196655339,10573.5548564893,152,424
"89","4.24",0.832048597321009,0.166741885402751,0.167951402678991,0.0497713464896906,0.00129606985093047,0.749732853993805,0.748628968454075,1.35795539284988,1.35931807522427,81.887175434027,1.46397104391015,95.7942280301758,79.0569670019793,2341.60514552638,2359.8673604537,1671.54147279473,12873.3641785385,67,516
"90","4.25",0.895705300015341,0.102498849392208,0.104294699984659,0.0997190064235468,0.00116806787185298,0.756708737093537,0.748171855584393,1.37085602508356,1.37967106729178,89.3048848356462,1.14805306715976,97.4477631459815,77.413543085644,1544.05203691194,1565.74446467422,897.617664742945,8826.57370330562,36,354
"91","5.1",0.716038795123202,0.253123148876727,0.283961204876798,0.0220195502906174,0.00175961432654734,0.773370130382139,0.739271496633537,1.41522439126426,1.41803807684427,53.7445592437898,3.94460320949659,93.5483473036903,80.5498485217815,3122.15129160982,3290.97960144037,3248.57701161469,14435.4061192803,133,591
"92","5.2",0.608222277210223,0.357895294990986,0.391777722789777,0.00773932969109015,0.0029308321887951,0.750187515953276,0.718822041218764,1.3949760883545,1.39016357067457,34.868698586796,12.6397384518034,90.2168632768034,81.9412897491606,3979.17679717633,4339.0692144559,7860.8977257533,12206.3629281884,322,500
"93","5.3",0.638280193407526,0.329473432983585,0.361719806592474,0.0104920488686391,0.00326615033146152,0.758212752790383,0.725403601671393,1.42140789866018,1.39636374395925,37.1109723602403,9.56530915550553,91.2517894067123,81.5886897735809,3735.5739464534,4074.29217207122,6082.5641932889,10088.7510515193,249,413
"94","5.4",0.599414713501375,0.362983723376979,0.400585286498625,0.00895125605106669,0.0029059258231992,0.747543505878045,0.708149392593876,1.42619950135364,1.40259784331368,40.0702198991579,11.8546676874071,89.8891221866136,81.407984017347,4065.36245704336,4516.18944935357,6697.38621897103,12490.380868227,274,511
"95","5.5",0.41263358879843,0.483315212106747,0.583423939466264,0.00427880533891829,0.0104596197213948,0.823145764321457,0.73990552627948,1.35486122650393,1.33840947878383,8.68620968592832,20.4770864840151,89.6150307076673,86.5486434338908,2878.99028479205,4365.96546782328,9647.43565173061,4616.11478019515,395,189
"96","5.6",0.417533839638572,0.481703166028628,0.582466160361428,0.00481396087348178,0.0115267375846245,0.828309779375586,0.748513249091288,1.38063579240628,1.35762551363736,9.2485549132948,22.9155119170164,90.0016930142002,86.9657727722954,2803.36547594042,4215.16601919126,8675.89628446585,4179.09370322158,355,171
"97","5.7",0.745056266188131,0.22933444127189,0.254943733811869,0.0226034681227118,0.00182169779176671,0.785922899872781,0.744800399389395,1.37409507223003,1.3762893016231,38.4322652089083,7.27883144961417,94.5401703533144,80.3364291494855,2731.97861181854,3032.11395015118,3295.7759210039,12597.187964726,135,516
"98","5.8",0.448711037268124,0.48414977950209,0.551288962731876,0.0044332051048504,0.00917016725738034,0.814428322827218,0.75609557935477,1.36886292245401,1.35597019517851,17.2915348379385,29.9813682064262,89.7776074373262,87.4037162778812,3076.29651264323,4101.33808117532,10131.2812303963,5273.14878497737,415,216
"99","5.9",0.364431203366456,0.537457123660667,0.635568796633544,0.00352808533365223,0.0198272445204581,0.828795073350373,0.73618748029898,1.33464370400354,1.33918362640751,7.4644976918004,30.1516816882831,89.1202637511818,87.8002512872312,2673.99420044475,4393.19983468853,10331.9404203986,2711.21840818971,423,111
"100","5.10",0.326093490329196,0.553463456030551,0.673906509670804,0.00299211678467098,0.0170404522255118,0.827365994637096,0.722782914920601,1.33446694925228,1.3592820392539,5.4614681157891,29.1697442932011,88.3637053910402,87.6243939780556,2564.2490372166,4583.75819624201,10893.8202057927,3248.60557706375,446,133
"101","5.11",0.47074529219344,0.450340376624525,0.525143665458403,0.00803775051776655,0.00960018811841385,0.868443061342311,0.803773555763398,1.35850363534029,1.34639723370171,17.4049519924032,30.1146555059262,93.0426307552457,89.2112723028181,2206.20985145944,3274.8038228598,5861.73305421607,4689.38644337285,240,192
"102","5.12",0.535979205531046,0.422246191659225,0.464020794468954,0.00769768470638899,0.00589392529434546,0.84432336099823,0.803806327350222,1.34609825193082,1.31891825260692,26.986194092233,37.7704646845055,92.7800570082217,88.6618988282845,2599.12997384489,3227.24449739972,6966.01419896504,7161.55143963774,285,293
"103","5.13",0.365783822476736,0.5732831375876,0.634216177523264,0.00428492599030733,0.0200596935998754,0.847984343408799,0.760699534312094,1.33376587723893,1.30406502733864,6.84197112046615,55.5636606522943,90.3641341711998,89.7811005797793,2383.19132176391,3926.04038289518,8544.52914402581,2856.31402814577,350,117
"104","5.14",0.687869600190932,0.28617772631244,0.312130399809067,0.0293280018892267,0.00305184394659113,0.843561194363404,0.794245432422148,1.35066631795274,1.33704897587794,49.1566561725029,18.0100955027525,95.1153628990863,85.3146961155302,2260.34899267494,2835.18291602846,2345.06436752516,9380.25747010064,96,384
"105","5.15",0.650967667783603,0.330244812434244,0.349032332216397,0.0130676479006038,0.00473267398907575,0.840897243031372,0.811702077270175,1.32655057599901,1.29909012556182,24.9010049101565,25.0620369229686,94.456982142252,87.3782630858799,2414.30684158311,2822.31325865562,4986.41901905662,6966.32068838792,204,285
"106","5.16",0.532794710416519,0.420399900997101,0.467205289583481,0.00796059905294268,0.00860670055441651,0.853576780227258,0.782893977985545,1.32867535186453,1.29854119610437,25.4152341929641,36.4342175835964,93.1582218171272,87.417009832759,2455.35510406268,3556.7844665139,6692.20407877125,4884.82049545347,274,200
"107","5.17",0.519397733099924,0.431223807755557,0.480602266900076,0.00732600047191985,0.00882882056872719,0.859484672823947,0.783314211741892,1.33764424991458,1.30898044322331,30.0126691418416,41.5952561102215,93.2442319471857,87.682146331473,2363.00016616165,3574.04691675862,7087.28953972292,4887.78588946408,290,200
"108","5.18",0.577224992044129,0.368940277925109,0.422775007955871,0.00949547049118677,0.00614473210314162,0.846740398935709,0.753646706888112,1.35397598330443,1.33299870587491,24.6100032518039,33.3406572159286,93.5203796974954,84.4557725445146,2521.31974409191,3849.286095236,6078.82216246407,6005.58334122957,249,246
"109","5.19",0.869654361793324,0.123540692690428,0.130345638206676,0.0757386431767203,0.00122564827172354,0.80262010694477,0.770584419808454,1.30288851669794,1.3113545652598,85.5127743160226,4.37675223891091,97.4149432109287,79.9072091363312,1523.80696604038,1675.85076396875,1147.40819934061,10131.3702707735,47,415
"110","5.20",0.722035097025151,0.257666976086284,0.277964902974849,0.0248403041211504,0.00260373350105846,0.80403110578927,0.76470828509869,1.36431380494968,1.35619683912748,63.2455484721917,16.86964167949,94.5523318341807,82.5312065383493,2650.98548206047,3022.49569238824,2906.62153670788,9892.28338123271,119,405
"111","5.21",0.627447513812155,0.349224309392265,0.372552486187845,0.0137265891195177,0.00486734725231467,0.82858896034206,0.778768081430658,1.39481313563123,1.35795819858345,39.9396785199254,17.8291301748092,93.6059238820573,85.6095371739927,2707.87160570402,3377.47518654633,4567.58829256332,7181.12811771987,187,294
"112","5.22",0.576341614357705,0.392317213332155,0.423658385642295,0.00900879447344791,0.00610781788394067,0.843829256046315,0.787463577853193,1.33569947441238,1.33545050132501,34.2439616287556,34.1182263411031,93.3859051410634,87.0849705581013,2574.05624565587,3401.44716868277,6399.11484904404,6423.53895152131,262,263
"113","5.23",0.429650062772974,0.529547504111188,0.570349937227026,0.00446903845582152,0.0139896009011698,0.816974886871619,0.764190403719362,1.36741790771395,1.32032615643731,4.4453048007884,51.3374630437843,89.5544207882057,88.9168576786831,3007.23863186488,3946.83572138737,9605.68242595245,3788.50070234766,393,155
"114","6.1",0.507463231268932,0.467619794897996,0.492536768731068,0.00710662943305699,0.00760544311287517,0.825830235754023,0.782028011454933,1.37224617360788,1.30495840264054,14.0115476795701,42.76545137628,91.4164247386728,88.403269648581,2951.67879934217,3622.26729820096,7136.60269874105,6153.11328089335,283,244
"115","6.2",0.817470962326299,0.178833748483107,0.182529037673701,0.067533754350362,0.00107994527504693,0.743041113398946,0.731818600352036,1.36805807738145,1.36524075121982,45.2846288613938,5.36487504652282,95.307790449554,77.9799167028643,2562.15894177263,2660.80243908935,1210.34962231934,16566.660455496,48,657
"116","6.3",0.720097068778338,0.276043899902384,0.279902931221662,0.0157924651057104,0.00183388602417479,0.703304477081389,0.694930901039264,1.41354464616682,1.39725899075199,70.1005572395767,5.17670121431035,91.7105878486836,77.8990608384543,3974.49149315953,4105.17959817579,4562.99117301692,15025.0980061773,181,596
"117","6.4",0.542262322899656,0.422632352002044,0.457737677100344,0.00762855368290244,0.00532171462852634,0.768048328563969,0.711602294788593,1.43999595493372,1.39560736216079,31.5112744430833,30.8234653600109,89.3820625918925,83.3459190058038,3853.12209155582,4726.34318233062,7107.9650004345,7939.74813878322,282,315
"118","6.5",0.396887230529226,0.455128497532227,0.590887942123653,0.00431674548355381,0.00954857204366747,0.836571777610102,0.732492171450467,1.35465207208091,1.36080283589086,7.25766197464311,25.1826440505686,90.148654077943,85.4195888269948,2648.2252064823,4452.12821116732,9201.5285249313,4764.627099211,365,189
"119","6.6",0.392069037866832,0.465002143749829,0.605176015544467,0.00515324536507248,0.00970863220435454,0.8450036828698,0.722913249335856,1.36300963603047,1.38118316513942,7.58841510426587,43.6646802180558,90.5780763330389,85.1696119654601,2484.72361765314,4629.90663788413,7609.1760759898,4787.22998158298,302,190
"120","6.7",0.737386545039909,0.228168757126568,0.262613454960091,0.0307777282984181,0.0018654816016514,0.786348593527802,0.708864779003776,1.401240481286,1.39681395022657,38.4288073161438,4.32853695269547,94.3781352707144,77.5384615384615,2791.63860523708,3437.91004984184,2394.157898512,12248.0077755456,95,486
"121","6.8",0.443632482141391,0.396639023455675,0.556367517858609,0.0049255645631033,0.0065771552354003,0.823877294751789,0.661872928109666,1.36521440167268,1.38763262755759,7.48033282218331,20.8376811331198,90.2154407768583,79.5839469808542,2904.48139402347,5428.17115313668,9023.25926543822,6023.9077218987,358,239
"122","6.9",0.653722302801419,0.291599390638826,0.346277697198581,0.0150674660868897,0.00257496016587286,0.816079110118181,0.72283627352757,1.38368721301489,1.41743859145867,31.4911914654281,11.8584102908359,93.6189792318793,80.3764742638444,2825.50444451645,3832.15088136562,4334.21400838635,11339.5133940341,172,450
"123","6.10",0.751471084634122,0.224325581819675,0.246357640060942,0.0372352523986054,0.00167083156830511,0.787847302893202,0.727199975650171,1.38050263735327,1.38062967443378,68.7707038163089,11.3881199800336,94.7166401882193,78.8561102876982,2685.18089967925,3177.23213229576,2016.80998236785,13462.2066323054,80,534
"124","6.11",0.704660943501227,0.234187550746718,0.288013283095983,0.0307238261549792,0.00254544673931402,0.844766345277292,0.773787582414797,1.37474306103345,1.38006449101941,66.8765823071967,6.09965245955192,95.4163651400806,82.6763364136156,2174.62312766957,2737.22122463036,2293.74664477774,9200.19258619643,91,365
"125","6.12",0.615666025015281,0.369463476047549,0.373951994745149,0.0117508853723484,0.00443705483127894,0.833154018834309,0.827541551544433,1.37301576892547,1.37142313398333,46.7354513198849,24.5510394831169,93.5948427542768,89.1193694250204,2636.59371563936,2727.64112077267,5243.0397785708,8318.28426407867,208,330
"126","6.13",0.654341261369753,0.336809261844158,0.345658738630247,0.011538400743276,0.0040819819143276,0.789514434459439,0.773759151006795,1.41616128563848,1.40301911459474,54.2723328553016,9.09470473977526,92.7288923530886,84.9898332655551,3197.06393772979,3394.63020555374,5672.8444073829,8244.53387206315,225,327
"127","6.14",0.701848675085773,0.275813928023943,0.298151324914227,0.0186521085840796,0.00262446060071686,0.796060120498463,0.754376478184638,1.36765673802707,1.41642265305213,67.0340353618869,8.29078155948466,93.9106355871609,82.2219648971895,2881.55757715972,3287.84371850965,3760.50646205816,10524.3704340822,149,417
"128","6.15",0.733594854718788,0.256214934087488,0.266405145281212,0.0288299424512162,0.00266711828204568,0.788723026719022,0.767264235240817,1.41976389179963,1.40815865640675,65.0993377483444,10.8872357797333,94.375275280864,82.6861735303028,2759.986606959,2993.58906729501,2545.18313964283,9601.13639805859,101,381
"129","6.16",0.730064763294719,0.266332208337134,0.269935236705281,0.0182313974008387,0.00326964726944649,0.80219653070525,0.794085466521744,1.40146024041726,1.38711892733342,61.6984417798901,11.6168120884503,94.6658690396072,84.8874487819095,2610.63838163008,2717.81513964563,4005.90126630818,8137.77427055059,159,323
"130","6.17",0.663285597008118,0.315032381647359,0.336714402991882,0.0163486967053184,0.00395943063480401,0.861834340568893,0.823821262727144,1.35515505212286,1.34486241632953,53.3621143137006,24.8127120027572,95.345564867629,87.9355482592534,2070.44682540941,2579.40458709838,4056.14280517715,7961.12500891913,161,316
"131","6.18",0.749689860254679,0.249343233480498,0.250310139745321,0.0250069932075301,0.00341217953014938,0.824407489653639,0.820403194613123,1.34385323621479,1.32425791596656,69.2651647075896,14.9887534465245,95.6054094738631,86.5176970096263,2224.9733249619,2264.12463219639,2998.07297799618,7306.22826570498,119,290
"132","6.19",0.826570083567493,0.172773054045178,0.173429916432507,0.0420198488606637,0.00159767842459692,0.78228379169217,0.782559390816423,1.36202157272315,1.36014091573777,73.4272019173158,8.21849410824845,96.2227658941383,82.0141791439606,2092.07103530516,2104.62921104405,1966.94312244241,10818.1871734333,78,429
"133","6.20",0.823235272647639,0.175396014307614,0.176764727352361,0.0553173594956146,0.0019887429852529,0.820015092303885,0.815491926810162,1.34179855598167,1.33458097481974,59.8752542126671,5.03522661243463,96.8159809645021,84.7881013779271,1768.29115184366,1806.57436772959,1487.95103075575,8826.82814855104,59,350
"134","6.21",0.59461925136617,0.393301889374435,0.40538074863383,0.0136261049240037,0.0047020123510851,0.808645259816201,0.783181195246982,1.40701868506818,1.36617420367224,30.3903860292449,20.1510351901101,92.2376389421234,86.8518926183828,3113.13409411145,3468.93813653169,4361.82662357676,8370.67305796234,173,332
"135","6.22",0.532464215010993,0.428416337478219,0.467535784989007,0.0104940902282429,0.0059525877960388,0.857128309141153,0.809355216617375,1.33748251737018,1.31151668485911,15.9013775204632,38.8110492023449,93.3092828558942,89.1167879335068,2410.96322042111,3137.68540036004,5066.63730164652,7209.24511577564,201,286
"136","6.23",0.687427586143979,0.308147756196801,0.312572413856021,0.0214645053196997,0.00264184034296718,0.783391136122557,0.772627652527844,1.39923960158536,1.38664365328401,42.1361161524501,12.0344827586207,93.2230123332428,84.2731375305171,3132.48629076072,3255.44454461297,3201.25004585011,11670.698986052,127,463
"137","6.24",0.439012151954166,0.533947013100755,0.560987848045834,0.00533163337097393,0.0101644621932317,0.847220329378138,0.810361443580575,1.31780342297568,1.27597102827983,11.8021836399445,50.4252017098826,91.4371946855845,91.1439587590087,2522.47011394423,3208.45008302841,8243.86043963847,5243.80113591682,327,208
"138","7.1",0.782768359033122,0.21069917261416,0.217231640966877,0.0441796084796994,0.00148835736382576,0.760252235562956,0.736149345415258,1.39343982534907,1.39096073829161,77.258821312902,6.27741941271992,94.766601601861,79.2030870251141,2770.12692021787,2933.55932460553,1769.39620787035,14229.9328830137,71,571
"139","7.2",0.777213247901814,0.2053785759408,0.222786752098186,0.0566960763794524,0.00126905563730405,0.754720300552667,0.710782912084317,1.37539975295483,1.38325020378742,61.8271751229847,5.59176272038493,94.5444224988271,77.0090121851795,2828.79687556358,3180.09613264313,1371.48342791772,16158.5683871034,55,648
"140","7.3",0.704928535335306,0.274119324334079,0.295071464664694,0.0283086018235416,0.00186618379368245,0.72921404519251,0.681082144180671,1.44141530445064,1.44671232442813,67.8862372151444,3.42634128835457,92.025346342584,76.8296706922722,3747.83169080684,4265.80523737167,2492.1744113072,14653.9855384863,100,588
"141","7.4",0.681418165735484,0.278894495040211,0.318581834264516,0.0231461709825266,0.00222004785672597,0.766092340277153,0.687036969882549,1.42601837127899,1.45600216290922,64.299701771406,3.27961625525493,92.5501868571617,77.4240090783821,3399.83580726456,4225.80322723934,2944.35841923932,12550.9515667574,118,503
"142","7.5",0.552676468199171,0.366528578777787,0.447323531800829,0.010712696342248,0.00504754671689774,0.839207053497802,0.746392220897169,1.36895227823841,1.37697542077525,40.0421865182659,19.3456601741316,92.8108623542164,83.9269440133993,2665.2304451047,3963.43822366377,5161.11626389487,7255.48228402612,207,291
"143","7.6",0.682989783762319,0.276497238366846,0.317010216237681,0.0236113463485459,0.00227797961285851,0.8140853013853,0.731264315394968,1.36376456934082,1.37662138576255,64.2524392104767,15.5140069473741,94.1046105138184,80.559725848564,2717.61399180923,3600.24762277678,2892.24570246392,12142.445319827,116,487
"144","7.7",0.63178417019433,0.310467456742876,0.36821582980567,0.014644509613872,0.00345510022256633,0.836437283172915,0.742538929716734,1.36578573963081,1.38262756205841,49.3353572005964,22.9193985880831,93.9822705910041,82.2435617634221,2536.27085456501,3719.90383839399,4316.18606944374,8981.65887283091,173,360
"145","7.8",0.607755547734431,0.326086760339677,0.392244452265569,0.0121858207849676,0.00389089310778047,0.806861024428153,0.698559676343566,1.38443245938336,1.37902073516574,41.15455402433,26.3958342685281,92.424950139757,79.6838666814306,3096.3174800765,4434.76815645334,4987.70498512928,8379.34437501719,200,336
"146","7.9",0.688232109015432,0.280110098366573,0.311767890984568,0.0273036849271328,0.00242697429426894,0.782967462171861,0.718682176970913,1.43431657042549,1.4288845743333,32.0639879349348,12.2939782397932,93.2210940058958,79.7678755144033,3146.28283252281,3793.22405458679,2518.54229490346,11570.3329191604,101,464
"147","7.10",0.794068285992709,0.180694409355037,0.205931714007291,0.0468471206647873,0.00106094743676359,0.733286498663687,0.67376366255633,1.41472526795095,1.42097429491022,77.308858624464,2.47259155586657,94.5028715919335,73.2763788968825,2921.32436640171,3246.39777411644,1694.64819150315,17046.167102767,68,684
"148","7.11",0.50092953577359,0.39302216446466,0.49907046422641,0.00491395630676001,0.00275739877902063,0.773021501359718,0.681808888722908,1.39693601777735,1.39142555538767,12.565830200698,23.7204044463983,88.6709299083493,80.6880339430079,3799.38561465896,5084.13988151784,10192.9018932792,14255.1097382779,409,572
"149","7.12",0.489155452059246,0.499119980504183,0.510844547940754,0.00444840844981733,0.00929687501747914,0.791447720636723,0.772689919048608,1.39879052639349,1.36760901250013,24.8369535924109,37.1817675488241,89.3539380200702,88.6067249082063,3493.29537322325,3821.63399621083,11004.5088942442,5365.0100051304,441,215
"150","7.13",0.410663201306729,0.5861241212515,0.58933679869327,0.00326537842816595,0.0164250639951077,0.771399600990022,0.766604362859855,1.39989169495586,1.37856093334725,5.20977326176328,56.9708992334345,86.5391575183971,90.3290582179924,3706.86187094111,3807.54465557645,12591.5811304219,3565.53683495114,505,143
"151","7.14",0.446642777842966,0.551317345271728,0.553357222157034,0.00516839339651493,0.0190682081248638,0.823213596320878,0.818488342505189,1.373641447533,1.35149016881823,9.88216486141797,52.8443893589122,90.2084892115427,91.8652155440076,2944.83054782228,3016.6812399115,8632.06201792185,2893.98611005473,346,116
"152","7.15",0.561166660650471,0.434573872865755,0.438833339349529,0.0114242443907319,0.00858608922303634,0.813174217226954,0.805285753476397,1.42484330661894,1.3950568636241,35.1489147801734,36.3589034701901,91.8012382458986,88.9906734031185,3097.08025047406,3214.66816840445,4911.96333206556,5061.56627618938,197,203
"153","7.16",0.798602774593604,0.195620582899333,0.201397225406396,0.040490432988009,0.00188391379042036,0.784909853626069,0.766572421372448,1.38605220274351,1.3855974494071,78.0381975636925,2.40306874124115,95.6597839772798,81.2332748915752,2338.23821356314,2467.3002188132,1971.36467631379,10405.8110129475,79,417
"154","7.17",0.489941789630432,0.48740580298723,0.510058210369568,0.00526208076792081,0.00764268799231748,0.818940999889731,0.780768645696359,1.34907717116547,1.31536575133468,25.8104771737667,44.1010908111505,90.7566198480313,88.7738036940192,3052.77481366197,3667.60922744482,9302.06979726312,6384.26238096343,373,256
"155","7.18",0.306581131803089,0.672359968240219,0.693418868196911,0.0022872357688571,0.0289800018667909,0.815596916822022,0.780482009860251,1.29127443261121,1.26834880301582,5.86488426341288,65.9348645253903,87.2252969068835,92.7926961697792,2637.41842266784,3260.2128281435,13432.8200769458,2317.72220251569,539,93
"156","7.19",0.721283661829471,0.275323081365966,0.278716338170529,0.0187819492618211,0.00242178962968814,0.785076134056158,0.775489445372856,1.4053800680141,1.39200661298689,62.2772606084544,12.2732210023609,94.0089805961667,83.7314142391108,2907.91783553558,3006.36452896375,3840.11912548546,11370.7423455933,154,456
"157","7.20",0.582021802692849,0.412825325776992,0.417978197307151,0.0103761606683957,0.00578492344956745,0.815130953290494,0.804015752491731,1.37944449351707,1.35169501665219,24.8462539839296,32.1452619293442,92.276611554895,88.4879818990676,3025.84120494301,3193.27846678495,5611.16810827044,7132.41812873487,225,286
"158","7.21",0.508886100856568,0.481456074951937,0.491113899143432,0.0097078291967754,0.00647987961204367,0.837743857979769,0.82221865717556,1.35541610835374,1.32792381575363,25.785446119025,43.3499793421833,92.0270965224947,90.7867882487314,2730.72377512984,2989.69494758694,5239.30100915136,7434.81762251003,210,298
"159","7.22",0.653065460879611,0.336302674211861,0.346934539120389,0.0143191484633727,0.00298099134246743,0.847367155102387,0.829710361307068,1.32194052418024,1.31288695257719,55.6418242691345,26.8281736664004,94.7089728209159,88.6919389276075,2329.7039901194,2565.17269113592,4562.76692716291,11269.7849785663,183,452
"160","7.23",0.826367517124988,0.172278728915282,0.173632482875012,0.0690660044489885,0.00139425463526751,0.764883483741282,0.763191107902868,1.3662179407258,1.35598266857439,82.2716297606118,2.95487797215665,95.9225141499927,80.3940627873374,2248.92057297392,2287.51709457129,1196.79132515748,12341.9105406865,48,495
"161","7.24",0.636430099374509,0.348496746184326,0.363569900625491,0.0151917866928913,0.00350547761274616,0.807269539550883,0.791445203894231,1.37876996487983,1.3688855063043,51.4246703316446,19.5977507096403,93.0007008502234,86.404896519529,2989.02293750707,3199.96875802635,4191.967918917,9930.97161743431,168,398
"162","8.1",0.845901580748644,0.150113038272168,0.154098419251356,0.0856125055147854,0.00121482079538495,0.787055717700817,0.770776011872256,1.33069249547835,1.33809066902325,73.1279608216086,3.88850867915137,96.7094334846783,80.5288676046283,1881.89000628915,1968.40006320436,987.557696170298,12393.8490869372,40,502
"163","8.2",0.861494607225514,0.126173944901661,0.138505392774486,0.099679892135231,0.000769154936763662,0.71913395549295,0.65867126907583,1.31341323984358,1.36216789152152,85.7638086434019,1.13775755097687,96.1076403086973,70.177804592398,2247.07109290791,2529.88087109857,864.182111958804,16419.4601272173,35,665
"164","8.3",0.709326850891931,0.240169091624066,0.290673149108068,0.0334017230818369,0.00176151735484916,0.762667004155039,0.657686212817932,1.41708796682258,1.49782069232859,63.9228799089357,4.40203471826978,93.1078285257922,73.9760789655365,3269.06648780396,4194.97591561605,2124.43861607703,13611.2288076563,86,551
"165","8.4",0.544768252153093,0.352785619840618,0.455231747846907,0.0100356551919083,0.00598338113856174,0.819690763356577,0.682404181864711,1.38867541930523,1.4102348811858,16.4060556522975,30.6256441238139,91.7936837969254,79.4489354434703,2998.5073147702,4862.32023121974,5429.39578295216,5898.2981460253,220,239
"166","8.5",0.488028659745922,0.430673432558472,0.511971340254078,0.00766479119140728,0.00900037171378583,0.844296745515615,0.753840825351135,1.37082597426196,1.35566968437419,8.10280191176732,35.9780040154221,92.0278262777326,85.9904932531094,2627.05130613039,4040.4442908568,6366.63486756289,4787.31459033798,258,194
"167","8.6",0.713642374638121,0.273267450587941,0.286357625361879,0.0255593644782827,0.0023728463066947,0.798718328957418,0.768176772185033,1.39011426007893,1.37837450762756,57.4078845658335,8.06848572621703,94.2197399445865,83.1713996935216,2792.26520742141,3081.47256572836,2788.90855244842,11550.5239163351,113,468
"168","8.7",0.517351708359028,0.413035901010805,0.482648291640972,0.00942681141804758,0.00852887810041598,0.841048684363424,0.739863348845841,1.36813391386897,1.37118109679297,10.1296459428917,38.8573004813895,92.3268930135342,84.7347980830602,2671.96394396714,4227.2109811518,5487.18780370263,4844.54418705278,222,196
"169","8.8",0.522482351889912,0.39320882852292,0.477517648110088,0.0101812506558319,0.00704230133859019,0.830127938960526,0.719436370315085,1.41316636423737,1.44082890922268,9.64252701934016,32.1565699658703,91.894267863849,82.967988272594,2847.25175858084,4491.07636522116,5135.25437784277,5579.65139130993,208,226
"170","8.9",0.781091948887499,0.196675900277008,0.218908051112501,0.0620569451739092,0.00168187748677475,0.788824762808554,0.730837632392835,1.39167724364275,1.41365170013817,40.5293704615549,7.67124992222983,95.3833160231462,78.3703129983143,2420.35586025718,2859.57216003367,1259.13606261713,11677.8697572138,51,473
"171","8.10",0.752752457551385,0.234521894548704,0.247247542448615,0.0298965901611025,0.00166282115974329,0.753567355158198,0.729965153372315,1.40278099533619,1.39780685247148,67.154238765094,6.79607334032829,93.9181785335632,79.3181861611664,3051.84556685876,3270.14151796581,2519.36934326468,14078.8286829497,102,570
"172","8.11",0.599755180085598,0.353836256578418,0.400244819914402,0.00991484145499795,0.00445460898259892,0.828460403988162,0.751272233381109,1.37900341648536,1.35995193914967,45.8006042296073,22.7030389194953,93.1310997381576,83.933255978206,2779.60420149658,3810.79307860193,6047.23219936996,7947.79089060052,245,322
"173","8.12",0.312716649394275,0.670835864632098,0.687283350605725,0.00278153190783952,0.0274156381296338,0.80781710479388,0.788454542889162,1.35797793279387,1.32507804420329,5.48399132937706,65.9242741906826,86.810261374637,93.0143241300354,2754.72907382478,3175.82283794088,11277.5342265049,2443.05446044635,457,99
"174","8.13",0.645416938430886,0.350464158394611,0.354583061569115,0.0113233254047246,0.00416375393390026,0.793398026834022,0.783871669513003,1.40037003065948,1.37644452428483,52.8872463665115,18.0377385309691,92.6755815881085,85.9598379246196,3176.56315966837,3305.67489055263,5700.46040770816,8414.96536375966,231,341
"175","8.14",0.696231153533349,0.298755038385572,0.303768846466651,0.013600348702166,0.00276254812315757,0.789592559190218,0.776116732412586,1.37839710479204,1.37320716262775,60.4269556937808,16.2559954439076,93.6012936012936,84.3078303791788,3006.69463187007,3140.17389814004,5116.70504605785,10826.651256876,207,438
"176","8.15",0.392483111126997,0.606596489973907,0.607516888873003,0.00351194724609192,0.0299401482700776,0.793834887470567,0.793175916280834,1.40223868270965,1.39458781778345,3.66143097149257,59.9927109167356,87.4822368495845,91.8555100058143,3295.49518297604,3327.05157903862,11185.482744224,2024.74522080877,453,82
"177","8.16",0.708413753663593,0.28279362356137,0.291586246336407,0.0191121612311223,0.00328042306845345,0.798800379364879,0.774008750911908,1.3997264464253,1.3875508489068,67.0358091953819,7.50491054367051,94.1204640113923,83.8068360976225,2811.6750065241,3070.4599089393,3703.27553106585,8640.97623915364,150,350
"178","8.17",0.314881335334906,0.659455643720066,0.685118664665094,0.00296561504021996,0.0208372513422451,0.828522307146116,0.798336739780268,1.3129263775536,1.30821817273872,8.84902255371732,62.4000995670611,88.2646921410672,93.1159444832047,2466.21083233188,3082.13383807673,10643.2045045416,3160.85887837895,431,128
"179","8.18",0.447243545634087,0.508780082394259,0.552756454365913,0.00444864734538746,0.00956227038340478,0.867289571298797,0.823081286563507,1.28117743700499,1.30118842528095,15.8482142857143,48.5228727945361,92.6792580638734,91.2931474089574,2188.56709168431,3006.42658066772,10078.7320390631,5311.09654019257,408,215
"180","8.19",0.387224157955865,0.568891271330296,0.612775842044135,0.00380832954313702,0.0163207670087604,0.861241403962891,0.804485519297833,1.31607104900815,1.30877312490276,21.279128650243,55.2944625580796,91.5099872356574,91.5517512172138,2200.43643531299,3254.08731190125,10192.0038763258,3479.59454373349,413,141
"181","8.20",0.540530157510565,0.444442459058868,0.459469842489435,0.00639768462263763,0.00650989211609014,0.818136360828547,0.791552730527405,1.37244727498149,1.34969504809015,37.6496926193099,25.8892718808855,91.633212733971,88.430995066779,3052.6336647989,3448.55656441096,8439.64268154195,6835.61702569333,342,277
"182","8.21",0.570827301485175,0.403767447679302,0.429172698514825,0.01321590942274,0.00555600035789339,0.843825058082129,0.813367601143077,1.40299963576535,1.37582586386716,26.0300890935927,32.5298312378852,93.3036935170064,88.8663765901617,2560.92203488282,3040.77074407397,4322.29366917955,7261.45336422164,175,294
"183","8.22",0.722282793258146,0.262024343598634,0.277717206741854,0.0273303942838697,0.00211868277120687,0.780781120961042,0.739792420627791,1.4118170608415,1.42113682872152,64.7495510233112,5.75312505556642,93.9101752392012,80.8003274997441,2956.28172873929,3374.88209360254,2642.49189242749,12372.7891411792,107,501
"184","8.23",0.549325350728264,0.403672594048789,0.450674649271736,0.00916725984977428,0.0056901327707148,0.802845706082356,0.728513547304739,1.37743393134189,1.3777606251338,24.7584680609007,30.7303285900934,91.1276975498945,83.797342192691,3258.64423754237,4394.9775380541,5999.41300423456,7085.72647002189,243,287
"185","8.24",0.667131329919846,0.300610317311387,0.332868670080154,0.0153351828060076,0.00392365298586364,0.861710891177996,0.806724669920417,1.33340117566511,1.34661948735879,60.2487066896589,21.2733995840074,95.3867573429008,86.4957062130134,2076.55561034194,2742.7659678479,4345.60147727856,7678.87533769109,176,311
"186","9.1",0.693427164703631,0.26209572191583,0.306442352859305,0.0272197376024919,0.00220093562565037,0.837264693347649,0.775386144638875,1.35814315046722,1.35376460202102,32.291189065271,13.3042086595441,95.0096101473139,83.4309026683693,2331.27146402056,2920.39727276334,2547.20727952753,11919.0076476005,106,496
"187","9.2",0.645830976846978,0.314675761978926,0.354169023153022,0.0134227808646652,0.00287123702706387,0.780746154795214,0.706937520070813,1.38927005791223,1.39808948827019,44.3659594359467,15.5235844565057,92.2278676940678,79.9201171982973,3356.96529522516,4247.13530843165,4809.13011286191,10964.8166573252,200,456
"188","9.3",0.570751146339978,0.31635503040955,0.429248853660022,0.00899072785188967,0.00320918069453306,0.822577294065993,0.660548009693061,1.3489137833697,1.39595507136037,42.4357054439376,22.2068332712966,92.3837076513133,76.7943340438699,2933.18204521815,4909.84463905182,6347.94184788878,9858.54605164545,264,410
"189","9.4",0.597237934455332,0.319987120803383,0.402762065544668,0.0105536687649291,0.00351952403623667,0.827364726531047,0.690857613614707,1.35290139442015,1.40913976004963,46.1690438640578,21.2327342680369,93.0423505926752,78.9853791227474,2806.99921321034,4500.49956141352,5656.55478872631,9098.62855378104,235,378
"190","9.5",0.633874742272526,0.31401428484432,0.366125257727474,0.0152486021383506,0.00297569950831668,0.812220036797118,0.737303597537657,1.38386952134173,1.36417200764863,48.2840973988889,16.8604953013862,93.1287410796225,81.9788622165584,2914.92875032285,3807.05962431851,4158.27773392892,10551.9302034381,173,439
"191","9.6",0.82964509394572,0.167301670146138,0.17035490605428,0.0492572603159009,0.0012006587394364,0.75375713687929,0.737721934424985,1.35436595723928,1.3477820353741,81.1785772987188,2.99315726186666,95.7781886171879,78.1838431453806,2363.52723688948,2457.24362204671,1682.08891163926,14009.3976497955,70,583
"192","10.1",0.779627274720456,0.211032668274501,0.220372725279544,0.0297480019162564,0.0012892567202173,0.729509423325215,0.696214963203704,1.40592473418583,1.399390874353,76.5477883751167,3.57769265002312,94.015402776997,76.0580310880829,3132.51705705858,3394.00856866888,2617.82372163028,16434.1155857901,108,678
"193","10.2",0.655473902062579,0.288664585379543,0.344526097937421,0.0138102253794002,0.00230379125091633,0.795424308341115,0.702072266609603,1.37463808763213,1.37535025759099,36.798228020301,7.18907511728901,92.9559698055784,78.802844725405,3090.06391128486,4108.74873094425,4747.75807396027,12523.4230828442,196,517
"194","10.3",0.487922069951162,0.426326818703913,0.512077930048838,0.00613094264417307,0.00616749513412964,0.810147129307637,0.693537755613628,1.36736668728753,1.36237032502844,20.2622813595382,37.4727516872155,90.2900005377019,82.4009875527209,3169.66896813632,5032.29091003739,7968.61718099421,6902.90546073966,329,285
"195","10.4",0.46735060721645,0.447077907843395,0.53264939278355,0.0046618695496953,0.00754971477203936,0.80770386507034,0.69475391854729,1.37616341008789,1.37625618801276,20.4334176332083,37.9209906688759,89.739063482972,83.1525032744903,3245.25439709427,5038.3708194435,10004.5534867215,5934.90461076698,413,245
"196","10.5",0.516127900654237,0.418448424043639,0.483872099345763,0.00685927786120418,0.00528143153287086,0.824344509326218,0.738179218187118,1.36983298798165,1.34686173185656,24.5326327916354,36.4947895756602,91.4896510688937,84.7801731810234,2964.64698876706,4266.81664763067,7515.50084345611,7927.6412122908,310,327
"197","10.6",0.528204588507683,0.422077808180734,0.471795411492317,0.00744868307367331,0.00603487538874438,0.828845082763354,0.742681778037778,1.35220112163885,1.31968291620239,18.0521010603482,37.375747261858,91.9398782659103,85.1099689964419,2839.81315020274,4233.10193163399,7102.92653018434,6981.7161798399,293,288
"198","11.1",0.881829225963207,0.110065949323152,0.118170774036793,0.0896127862604381,0.000637135843511845,0.717912201848669,0.662500918213873,1.29557502076837,1.33363607305144,87.6974711612296,1.68848088487787,96.6306105298335,70.0070378479825,2029.28304353335,2207.01786763936,982.622378648088,17471.5052203526,41,729
"199","11.2",0.865033496476795,0.111440869172828,0.134966503523205,0.0530258857687348,0.00104715512363486,0.792355262911495,0.680646741919415,1.29840590194852,1.41740727785719,85.1115254471376,1.911124922312,97.1880993755227,71.6328916601715,1636.48338662542,2130.23380236557,1630.4888882082,10670.1111066566,68,445
"200","11.3",0.779218524883265,0.189163151590897,0.220781475116735,0.0352819587945233,0.00121562411528773,0.751247560156467,0.668174819959911,1.41391000444855,1.46783253343765,73.8285536536684,1.27016494863176,94.5045040032493,73.1008660096938,2877.02432575937,3410.29197397077,2208.14753867301,15577.0407891172,92,649
"201","11.4",0.574892180598582,0.352076987825302,0.425107819401418,0.0106499206860415,0.0040853002631649,0.846249142318501,0.755188078611039,1.33493744804634,1.35459568911477,18.2350047891481,25.571461855083,93.4559000965251,84.1490264572391,2538.53602255129,3746.60936392042,5393.1843928918,8629.09502862687,225,360
"202","11.5",0.526556426985008,0.441273945030539,0.473443573014992,0.0075457736819563,0.00736833647464995,0.810869644053066,0.756085011558537,1.39050376085652,1.3356439803308,18.8880452788515,40.0193263390392,91.0400342398104,86.3767973695834,3165.98209260724,4040.12503359154,6974.16207605006,5991.54817530074,291,250
"203","11.6",0.739302075380024,0.241835566044284,0.260697924619976,0.0299146038687721,0.00232460704629714,0.819848703073907,0.773134383499818,1.37586217692947,1.35780130919162,70.7657393345299,8.2596990197432,95.2899315325455,82.8122201926865,2360.6124700993,2790.19389100928,2468.85866250642,10426.7331863135,103,435
"204","12.1",0.863892257058722,0.131933137017149,0.136107742941278,0.11262038225469,0.000610381618266446,0.679991846382967,0.649788890614517,1.31887130410175,1.33839674300344,85.9722892396774,1.62593920176467,95.6022867908268,69.6450109202334,2574.61906725439,2679.02268511854,765.913724089363,21828.5411365468,32,912
"205","12.2",0.775371292487551,0.203723749729379,0.224628707512449,0.0444170987516383,0.00110376660806659,0.71405034077615,0.649871498253609,1.4015862803195,1.45404110618208,76.408741776599,1.01522405538525,93.5823098560169,72.1141153928039,3330.1184966246,3804.43506347932,1746.09724034195,18441.6571548444,73,771
"206","12.3",0.582758172764668,0.395462221260013,0.417241827235332,0.0108681435572417,0.00322839864546543,0.772500828109093,0.730272129961481,1.4292341225001,1.37647956945776,47.0526406478849,22.7604032049625,90.5045016960223,83.6971149112154,3714.4250860456,4319.23251010152,5360.7493938159,12253.1414715792,224,512
"207","12.4",0.304649068107809,0.599277696944502,0.695350931892192,0.00296506065611733,0.0217796883595094,0.831586675452275,0.734136214297073,1.33628759913337,1.30498739048079,3.17053008645335,59.2524024386043,88.2946561635086,89.3413648824123,2393.11006280677,4291.66796141031,10285.2303198224,2750.70113204553,430,115
"208","12.5",0.697491511329776,0.26772226456933,0.302508488670224,0.022765220216478,0.00195400711887919,0.786067515309282,0.723630895581609,1.38224767739596,1.39704412671949,51.7963039580748,7.24813818783616,93.5325696149173,79.7589932135858,3021.56589665301,3644.3248066752,3064.71118338475,13695.4281007506,128,572
"209","12.6",0.604653177187998,0.355424087034856,0.395346822812002,0.0106894074682456,0.00306564143459428,0.804465378321509,0.737045356806492,1.36563173772988,1.35961972985354,46.9003508711432,16.5168064691328,92.2589886835697,83.0670965387189,3158.55859878373,4025.53501553938,5651.48679126463,11614.2842956074,236,485
