OBJECTID,GlobalID,Speed (km/h),Direction of travel (°),Compass reading (°),Position source type,Receiver Name,Horizontal Accuracy (m),Vertical Accuracy (m),Latitude,Longitude,Altitude,PDOP,HDOP,VDOP,Fix Type,Correction Age,Station ID,Number of Satellites,Fix Time,Average Horizontal Accuracy (m),Average Vertical Accuracy (m),Averaged Positions,Standard Deviation (m),CreationDate,Creator,EditDate,Editor,Date and Time,"WTD, Female","WTD, Male, Mature","WTD, Male, Middle","WTD, Male, Young","WTD, Fawn","WTD, Unknown",WTD Notes,Transect OID,WTD moving into next transect?,Direction,WTD_Distance,"WTD, Male, Unkown",Date Filter,x,y
120,515ac179-dae5-44df-901b-96df0624ff93,,,,1,,,,,,,,,,,,,,,,,,,2/9/2024 22:08,davepearce@tamu.edu_tamu,2/9/2024 22:08,davepearce@tamu.edu_tamu,,0,0,1,0,0,0,,,No,9,60,0,,-98.20748415,27.65723159
121,b1a3d0b7-6529-43f0-b214-26db25e96e72,,,,1,,,,,,,,,,,,,,,,,,,2/9/2024 22:09,abigail.dwelle@tamu.edu_tamu,2/9/2024 22:09,abigail.dwelle@tamu.edu_tamu,,2,0,0,0,0,0,,,No,8,70,0,,-98.19534351,27.66192776
122,98cfaa17-bc4e-43a6-8363-f038d14e998e,55.521108,181.21,164.1728584,2,Cedar CT8X2,2.051828453,2.6,27.67954017,-98.19961367,72.2,1.039999962,0.610000014,0.839999974,1,,,24,2/9/2024 22:11,,,,,2/9/2024 22:12,davepearce@tamu.edu_tamu,2/9/2024 22:12,davepearce@tamu.edu_tamu,,1,0,0,0,0,0,,,No,8,70,0,,-98.19961367,27.67954017
123,c639b04f-dfc5-42e3-b0b1-b536df31ceaa,54.093216,177.73,165.3921838,2,Cedar CT8X2,2.973213749,3.8,27.67858683,-98.19957317,75.3,1.039999962,0.610000014,0.839999974,2,,0,24,2/9/2024 22:11,,,,,2/9/2024 22:12,abigail.dwelle@tamu.edu_tamu,2/9/2024 22:12,abigail.dwelle@tamu.edu_tamu,,1,0,0,0,0,0,,,No,4,100,0,,-98.19957317,27.67858683
124,f1e733f9-1929-4000-8f40-a7ca8ffa54ae,53.070912,184.09,169.9497915,2,Cedar CT8X2,2.051828453,2.6,27.672262,-98.19928283,68.5,1.039999962,0.610000014,0.839999974,2,,0,24,2/9/2024 22:12,,,,,2/9/2024 22:12,davepearce@tamu.edu_tamu,2/9/2024 22:12,davepearce@tamu.edu_tamu,,1,0,0,0,0,0,,,No,11,50,0,,-98.19928283,27.672262
125,ba81c313-94c2-4071-bc6d-755887a48726,45.455488,173.62,155.9870406,2,Cedar CT8X2,3.041381265,3.9,27.667068,-98.199423,68.4,1.039999962,0.620000005,0.839999974,2,,0,24,2/9/2024 22:13,,,,,2/9/2024 22:13,abigail.dwelle@tamu.edu_tamu,2/9/2024 22:13,abigail.dwelle@tamu.edu_tamu,,1,0,0,0,0,0,,,No,3,50,0,,-98.199423,27.667068
126,62062fff-2e6e-4bd0-843f-d73ec9c0bcbd,45.81848,176.48,157.6414627,2,Cedar CT8X2,2.549509757,2.7,27.66603467,-98.19933683,66.4,1.039999962,0.610000014,0.839999974,2,,0,24,2/9/2024 22:13,,,,,2/9/2024 22:13,davepearce@tamu.edu_tamu,2/9/2024 22:13,davepearce@tamu.edu_tamu,,2,0,0,0,0,0,,,No,10,60,0,,-98.19933683,27.66603467
127,71ae81cd-e834-440b-8408-418ae287001a,42.384872,178.53,160.8294262,2,Cedar CT8X2,2.26715681,2.6,27.66401617,-98.199341,77.6,1.039999962,0.610000014,0.839999974,2,,0,24,2/9/2024 22:13,,,,,2/9/2024 22:14,davepearce@tamu.edu_tamu,2/9/2024 22:14,davepearce@tamu.edu_tamu,,3,0,0,0,0,1,,,No,9,15,0,,-98.199341,27.66401617
128,0c9fc4ed-b2c1-4fdd-b790-196324bb28ca,40.810672,175.68,155.7881046,2,Cedar CT8X2,1.984943324,2.6,27.65732117,-98.19968467,68.3,1.100000024,0.680000007,0.870000005,2,,0,23,2/9/2024 22:14,,,,,2/9/2024 22:15,davepearce@tamu.edu_tamu,2/9/2024 22:15,davepearce@tamu.edu_tamu,,0,0,0,0,0,1,,,No,3,60,0,,-98.19968467,27.65732117
129,5eb64c9b-e4b8-4363-8c20-c573165f1c26,44.451704,183.13,164.8601667,2,Cedar CT8X2,2.973213749,3.8,27.65827733,-98.19966983,71.2,1.039999962,0.610000014,0.839999974,2,,0,24,2/9/2024 22:14,,,,,2/9/2024 22:15,abigail.dwelle@tamu.edu_tamu,2/9/2024 22:15,abigail.dwelle@tamu.edu_tamu,,0,0,0,1,0,0,,,No,3,40,0,,-98.19966983,27.65827733
130,137d2f7d-cf39-493c-b5f7-08149d260b09,47.54084,4.14,344.5500984,2,Cedar CT8X2,3.041381265,3.8,27.6598595,-98.20141333,67.5,1.080000043,0.649999976,0.879999995,2,,0,23,2/9/2024 22:18,,,,,2/9/2024 22:18,abigail.dwelle@tamu.edu_tamu,2/9/2024 22:18,abigail.dwelle@tamu.edu_tamu,,0,0,1,0,0,0,,,No,2,10,0,,-98.20141333,27.6598595
131,6e94e2e8-f75c-4a0a-bb2d-eabea83da693,54.582144,351.29,325.8474012,2,Cedar CT8X2,2.26715681,3.2,27.66430833,-98.20186383,76.6,1.090000033,0.620000005,0.889999986,1,,,22,2/9/2024 22:18,,,,,2/9/2024 22:19,davepearce@tamu.edu_tamu,2/9/2024 22:19,davepearce@tamu.edu_tamu,,2,0,0,0,0,0,,,No,8,60,0,,-98.20186383,27.66430833
132,1e7360aa-aca0-472b-8edc-c4fed971154e,55.17108,276.37,266.1603247,2,Cedar CT8X2,2.549509757,3.5,27.6903185,-98.20247417,80.2,1.070000052,0.620000005,0.870000005,2,,0,23,2/9/2024 22:22,,,,,2/9/2024 22:22,abigail.dwelle@tamu.edu_tamu,2/9/2024 22:22,abigail.dwelle@tamu.edu_tamu,,1,0,0,0,1,0,,,No,4,60,0,,-98.20247417,27.6903185
133,d5797946-c056-4e77-9285-712d568c52dd,43.034924,187,168.0878272,2,Cedar CT8X2,2.051828453,2.7,27.682567,-98.204918,69.5,1.110000014,0.649999976,0.899999976,2,,0,22,2/9/2024 22:23,,,,,2/9/2024 22:23,davepearce@tamu.edu_tamu,2/9/2024 22:23,davepearce@tamu.edu_tamu,,2,0,0,0,1,0,,,No,10,0,0,,-98.204918,27.682567
134,eea68eba-793b-463f-88a8-f616977f2e33,53.630216,0.53,329.766878,2,Cedar CT8X2,2.9,3.5,27.66709417,-98.20703817,73.6,1.039999962,0.620000005,0.839999974,2,,0,23,2/9/2024 22:31,,,,,2/9/2024 22:31,abigail.dwelle@tamu.edu_tamu,2/9/2024 22:31,abigail.dwelle@tamu.edu_tamu,,2,0,0,0,0,0,,,No,2,10,0,,-98.20703817,27.66709417
135,5a9b8415-e96f-4a38-b9ea-d90d315c1037,53.148696,358.79,336.6020498,2,Cedar CT8X2,2.687005769,3.2,27.67036117,-98.2072405,73.5,1.039999962,0.620000005,0.839999974,1,,,23,2/9/2024 22:31,,,,,2/9/2024 22:32,abigail.dwelle@tamu.edu_tamu,2/9/2024 22:32,abigail.dwelle@tamu.edu_tamu,,1,0,0,0,0,0,,,No,1,20,0,,-98.2072405,27.67036117
136,9d09e397-c95b-41a9-b622-37a6878b4fce,55.195156,176.31,158.2559612,2,Cedar CT8X2,1.702938637,1.8,27.678316,-98.20967517,74.6,1.070000052,0.629999995,0.870000005,2,,0,23,2/9/2024 22:35,,,,,2/9/2024 22:36,davepearce@tamu.edu_tamu,2/9/2024 22:36,davepearce@tamu.edu_tamu,,0,0,0,2,0,0,,,No,9,20,0,,-98.20967517,27.678316
137,50c4e032-63e3-4661-a2bc-558132520ebf,46.450012,175.32,152.2330457,2,Cedar CT8X2,3.753664876,6.1,27.67043083,-98.2100755,78.1,1.120000005,0.649999976,0.920000017,2,,0,21,2/9/2024 22:36,,,,,2/9/2024 22:37,abigail.dwelle@tamu.edu_tamu,2/9/2024 22:37,abigail.dwelle@tamu.edu_tamu,,1,0,0,0,0,0,,,No,2,80,0,,-98.2100755,27.67043083
138,efcce263-f33d-4a2d-b973-3dd4ac6fc43c,51.630056,178.56,148.5723239,2,Cedar CT8X2,1.530522787,2.1,27.66549933,-98.20961083,72,1.070000052,0.629999995,0.860000014,2,,0,23,2/9/2024 22:37,,,,,2/9/2024 22:37,davepearce@tamu.edu_tamu,2/9/2024 22:37,davepearce@tamu.edu_tamu,,3,0,0,0,1,0,,,No,12,15,0,,-98.20961083,27.66549933
139,529a7b2f-cd5e-42a7-b567-bdb0e7a2a163,55.515552,177.15,162.0638463,2,Cedar CT8X2,3.111269837,4.4,27.65653217,-98.20950117,83.2,1.070000052,0.639999986,0.860000014,1,,,22,2/9/2024 22:38,,,,,2/9/2024 22:39,abigail.dwelle@tamu.edu_tamu,2/9/2024 22:39,abigail.dwelle@tamu.edu_tamu,,3,0,0,0,0,0,,,No,1,10,0,,-98.20950117,27.65653217
140,b466fb1f-12d4-47db-b2d9-8a66a311f7b4,51.305956,182.41,148.9725866,2,Cedar CT8X2,3.255764119,4.5,27.65170283,-98.209626,80.7,1.080000043,0.649999976,0.860000014,1,,,21,2/9/2024 22:39,,,,,2/9/2024 22:39,abigail.dwelle@tamu.edu_tamu,2/9/2024 22:39,abigail.dwelle@tamu.edu_tamu,,0,0,0,1,0,0,,,No,1,10,0,,-98.209626,27.65170283
141,e47232d0-43d9-4d26-a8c1-27e974ed550d,49.027996,178.29,150.9496122,2,Cedar CT8X2,3.182766093,4.3,27.64721533,-98.20956267,75.1,1.070000052,0.639999986,0.860000014,1,,,22,2/9/2024 22:39,,,,,2/9/2024 22:40,abigail.dwelle@tamu.edu_tamu,2/9/2024 22:40,abigail.dwelle@tamu.edu_tamu,,2,0,0,0,0,0,,,No,12,0,0,,-98.20956267,27.64721533
142,9cf9a733-3b02-4ca6-a113-4faa69bfb2e8,44.635052,5.86,353.9037748,2,Cedar CT8X2,1.301076477,1.9,27.67104033,-98.21209717,74.7,0.839999974,0.519999981,0.660000026,2,,0,25,2/9/2024 22:43,,,,,2/9/2024 22:43,davepearce@tamu.edu_tamu,2/9/2024 22:43,davepearce@tamu.edu_tamu,,4,0,0,0,0,0,,,No,12,15,0,,-98.21209717,27.67104033
143,330b09e4-3945-4105-84b1-26cebb659d50,44.085008,2.74,336.4299632,2,Cedar CT8X2,3.330165161,4.2,27.6750045,-98.21180717,73.5,0.930000007,0.569999993,0.730000019,1,,,22,2/9/2024 22:44,,,,,2/9/2024 22:44,abigail.dwelle@tamu.edu_tamu,2/9/2024 22:44,abigail.dwelle@tamu.edu_tamu,,2,0,0,0,0,0,,,No,2,80,0,,-98.21180717,27.6750045
144,cf29e4d7-dd29-4819-8815-b0f1be60fc1c,46.644472,176.39,158.8355984,2,Cedar CT8X2,0.961769203,1.4,27.68582633,-98.21490583,77.9,1.049999952,0.550000012,0.839999974,2,,0,25,2/9/2024 22:46,,,,,2/9/2024 22:46,davepearce@tamu.edu_tamu,2/9/2024 22:46,davepearce@tamu.edu_tamu,,4,0,0,0,0,0,,,No,12,80,0,,-98.21490583,27.68582633
145,bf517a2f-db41-4a75-a085-4a49ee77c787,44.31836,184.03,172.2753206,2,Cedar CT8X2,3.182766093,4.3,27.6814965,-98.21491067,75.1,0.959999979,0.600000024,0.75999999,1,,,22,2/9/2024 22:47,,,,,2/9/2024 22:47,abigail.dwelle@tamu.edu_tamu,2/9/2024 22:47,abigail.dwelle@tamu.edu_tamu,,3,0,0,0,0,0,,,No,2,40,0,,-98.21491067,27.6814965
146,15ba4776-8d04-444c-8231-defc0b3f4b8c,47.826048,173.3,156.6257316,2,Cedar CT8X2,1.293213053,1.6,27.665247,-98.214845,75.4,0.850000024,0.529999971,0.670000017,2,,0,25,2/9/2024 22:49,,,,,2/9/2024 22:49,davepearce@tamu.edu_tamu,2/9/2024 22:49,davepearce@tamu.edu_tamu,,1,0,0,0,0,0,,,No,12,15,0,,-98.214845,27.665247
147,121c3295-546c-4ab5-abe4-3bbf5dffd589,44.044264,177.78,135.901517,2,Cedar CT8X2,3.46554469,4.8,27.65831283,-98.2147525,74.3,0.889999986,0.540000021,0.709999979,1,,,23,2/9/2024 22:50,,,,,2/9/2024 22:50,abigail.dwelle@tamu.edu_tamu,2/9/2024 22:50,abigail.dwelle@tamu.edu_tamu,,4,0,0,0,0,0,,,No,2,40,0,,-98.2147525,27.65831283
148,9c26b4b3-570b-4799-9a60-01604b16656d,48.020508,179.44,163.2254156,2,Cedar CT8X2,1.140175425,1.5,27.654645,-98.214653,80.3,0.839999974,0.519999981,0.660000026,2,,0,25,2/9/2024 22:50,,,,,2/9/2024 22:51,davepearce@tamu.edu_tamu,2/9/2024 22:51,davepearce@tamu.edu_tamu,,0,0,1,0,0,0,,,No,2,10,0,,-98.214653,27.654645
149,907a3248-6976-42f7-8543-c4cf3feea4ef,49.574336,21.36,358.2904281,2,Cedar CT8X2,1.838477631,2.3,27.647714,-98.21747267,77,0.980000019,0.550000012,0.769999981,2,,0,23,2/9/2024 22:52,,,,,2/9/2024 22:53,davepearce@tamu.edu_tamu,2/9/2024 22:53,davepearce@tamu.edu_tamu,,2,0,0,0,0,0,,,No,10,80,0,,-98.21747267,27.647714
150,e500bb2e-9f69-4989-b7fc-bd18b23fa1b7,46.335188,9.97,351.425646,2,Cedar CT8X2,2.549509757,3.1,27.6500565,-98.21697217,80.8,0.889999986,0.540000021,0.709999979,2,,0,23,2/9/2024 22:53,,,,,2/9/2024 22:53,abigail.dwelle@tamu.edu_tamu,2/9/2024 22:53,abigail.dwelle@tamu.edu_tamu,,3,0,0,1,0,0,,,No,3,50,0,,-98.21697217,27.6500565
151,07871323-d1bd-4653-8d54-7d7f7624e879,56.213756,4.23,355.5570695,2,Cedar CT8X2,2.758622845,3.5,27.665426,-98.1969885,66,1.059999943,0.680000007,0.810000002,2,,0,18,2/10/2024 13:57,,,,,2/10/2024 13:57,davepearce@tamu.edu_tamu,2/10/2024 13:57,davepearce@tamu.edu_tamu,,0,0,0,0,1,0,,,No,2,30,0,,-98.1969885,27.665426
152,26623b38-d17d-4bd4-9475-cd221bd567dc,54.92106,355.89,350.5394273,2,Cedar CT8X2,3.182766093,4,27.66780917,-98.196909,61.7,1.00999999,0.649999976,0.790000021,1,,,19,2/10/2024 13:57,,,,,2/10/2024 13:57,davepearce@tamu.edu_tamu,2/10/2024 13:57,davepearce@tamu.edu_tamu,,1,0,0,0,0,0,,,No,6,0,0,,-98.196909,27.66780917
153,267192c1-3cee-42d0-9019-00847037fb80,57.47682,357.5,340.638012,2,Cedar CT8X2,2.549509757,2.9,27.67024,-98.19704133,63.5,0.970000029,0.579999983,0.769999981,2,,0,21,2/10/2024 13:57,,,,,2/10/2024 13:58,davepearce@tamu.edu_tamu,2/10/2024 13:58,davepearce@tamu.edu_tamu,,1,0,0,0,0,0,,,No,10,60,0,,-98.19704133,27.67024
154,76a5ed1e-de30-4869-a7fd-e9aa2f9641cf,56.295244,348.92,324.5003172,2,Cedar CT8X2,1.562049935,2.3,27.68982417,-98.19701533,74.7,0.939999998,0.579999983,0.74000001,2,,0,22,2/10/2024 14:00,,,,,2/10/2024 14:00,davepearce@tamu.edu_tamu,2/10/2024 14:00,davepearce@tamu.edu_tamu,,0,0,0,0,2,0,,,No,2,15,0,,-98.19701533,27.68982417
155,97771d3d-c0bb-418b-9948-4d4640a2bc84,46.481496,176.34,159.2313122,2,Cedar CT8X2,2.19317122,2.1,27.6869455,-98.19950083,65.4,1.049999952,0.680000007,0.800000012,2,,0,21,2/10/2024 14:01,,,,,2/10/2024 14:01,davepearce@tamu.edu_tamu,2/10/2024 14:01,davepearce@tamu.edu_tamu,,0,0,0,1,0,0,,,No,11,50,0,,-98.19950083,27.6869455
156,bfc2c438-f15b-45da-b7a7-b2836a79294c,45.057308,180.45,131.0905776,2,Cedar CT8X2,2.9,2.9,27.68499217,-98.19947983,68.6,1.110000014,0.629999995,0.870000005,1,,,18,2/10/2024 14:01,,,,,2/10/2024 14:01,davepearce@tamu.edu_tamu,2/10/2024 14:01,davepearce@tamu.edu_tamu,,0,0,0,0,0,1,,,No,9,60,0,,-98.19947983,27.68499217
157,e2859a38-84d1-4ab9-86a3-984681a2596e,44.961004,183.55,166.189062,2,Cedar CT8X2,1.720465053,1.7,27.67164817,-98.19950717,64.7,0.949999988,0.589999974,0.74000001,2,,0,22,2/10/2024 14:03,,,,,2/10/2024 14:03,davepearce@tamu.edu_tamu,2/10/2024 14:03,davepearce@tamu.edu_tamu,,0,0,0,1,0,0,,,No,2,30,0,,-98.19950717,27.67164817
158,f9510f30-413f-4104-a616-7c95fd9c0e38,0,0,118.5342311,2,Cedar CT8X2,2.687005769,2.6,27.6667425,-98.19939867,67.1,1.080000043,99.98999786,0.870000005,0,,,7,2/10/2024 14:04,,,,,2/10/2024 14:05,davepearce@tamu.edu_tamu,2/10/2024 14:05,davepearce@tamu.edu_tamu,,0,0,0,1,0,0,,,No,10,9,0,,-98.19939867,27.6667425
159,c137ac86-18f1-4157-a8f4-1d12b32f4bcc,49.626192,181.15,156.7888775,2,Cedar CT8X2,1.920937271,1.9,27.64920783,-98.199522,71.8,0.949999988,0.589999974,0.74000001,2,,0,22,2/10/2024 14:05,,,,,2/10/2024 14:06,davepearce@tamu.edu_tamu,2/10/2024 14:06,davepearce@tamu.edu_tamu,,1,0,0,0,1,0,,,No,12,10,0,,-98.199522,27.64920783
160,8d2d696d-67ea-4a03-86d0-fe61d26672b3,45.511048,174.55,150.5418909,2,Cedar CT8X2,1.860107524,1.8,27.64656983,-98.19941983,70.2,1.00999999,0.639999986,0.790000021,2,,0,21,2/10/2024 14:06,,,,,2/10/2024 14:06,davepearce@tamu.edu_tamu,2/10/2024 14:06,davepearce@tamu.edu_tamu,,1,0,0,0,0,0,,,No,9,10,0,,-98.19941983,27.64656983
161,cb6232f1-0dc8-4f74-a41d-7f3c01829e70,51.591164,356.63,345.1890763,2,Cedar CT8X2,2.061552813,3,27.66162383,-98.20212017,72.3,0.949999988,0.629999995,0.720000029,2,,0,22,2/10/2024 14:08,,,,,2/10/2024 14:09,davepearce@tamu.edu_tamu,2/10/2024 14:09,davepearce@tamu.edu_tamu,,4,0,0,0,2,0,,,No,12,60,0,,-98.20212017,27.66162383
162,fa902c69-2443-4ab4-a553-4be24417b9e4,47.409348,358.32,341.610899,2,Cedar CT8X2,1.702938637,2.5,27.67074483,-98.20207,67.6,0.910000026,0.569999993,0.699999988,2,,0,23,2/10/2024 14:09,,,,,2/10/2024 14:10,davepearce@tamu.edu_tamu,2/10/2024 14:10,davepearce@tamu.edu_tamu,,0,0,0,1,0,0,,,No,1,50,0,,-98.20207,27.67074483
163,e6555aa3-3fa1-4aa9-addc-ac656069018c,45.507344,3.87,344.9052751,2,Cedar CT8X2,1.697056275,1.7,27.6758335,-98.201998,70.2,0.939999998,0.579999983,0.74000001,2,,0,22,2/10/2024 14:10,,,,,2/10/2024 14:11,davepearce@tamu.edu_tamu,2/10/2024 14:11,davepearce@tamu.edu_tamu,,2,0,0,0,1,0,,,No,9,50,0,,-98.201998,27.6758335
164,4b0d6ed1-9ae6-4d9c-8118-dd97778b8a32,47.92976,357.46,344.2813476,2,Cedar CT8X2,1.697056275,2.7,27.67925367,-98.20184883,68.5,0.949999988,0.569999993,0.709999979,2,,0,22,2/10/2024 14:11,,,,,2/10/2024 14:11,davepearce@tamu.edu_tamu,2/10/2024 14:11,davepearce@tamu.edu_tamu,,1,0,0,1,0,0,,,No,10,60,0,,-98.20184883,27.67925367
165,7fd26d7b-f8eb-4ef7-a3a1-4302369176eb,39.266104,179.46,123.9643408,2,Cedar CT8X2,1.838477631,1.7,27.68339933,-98.20461983,71.4,0.889999986,0.540000021,0.709999979,2,,0,24,2/10/2024 14:13,,,,,2/10/2024 14:14,davepearce@tamu.edu_tamu,2/10/2024 14:14,davepearce@tamu.edu_tamu,,0,0,0,0,0,1,,,No,7,60,0,,-98.20461983,27.68339933
166,d4aa06df-08ed-43e9-8182-2f217a4916e4,42.90158,178.15,157.011569,2,Cedar CT8X2,2.051828453,2.1,27.67117033,-98.204476,71.1,0.959999979,0.600000024,0.75,2,,0,22,2/10/2024 14:15,,,,,2/10/2024 14:16,davepearce@tamu.edu_tamu,2/10/2024 14:16,davepearce@tamu.edu_tamu,,1,0,0,0,0,0,,,No,10,50,0,,-98.204476,27.67117033
167,5f93d8c4-3ba5-4c6b-82f6-337459013ef6,43.844248,186.75,163.7718034,2,Cedar CT8X2,1.780449381,2.1,27.66911017,-98.204677,71.4,0.949999988,0.560000002,0.75,2,,0,22,2/10/2024 14:16,,,,,2/10/2024 14:16,davepearce@tamu.edu_tamu,2/10/2024 14:16,davepearce@tamu.edu_tamu,,1,0,0,0,0,0,,,No,11,45,0,,-98.204677,27.66911017
168,98e00aec-cff9-42e6-99dd-be9e06de8785,44.064636,183.41,124.2593913,2,Cedar CT8X2,1.910497317,1.9,27.67033767,-98.20446333,73.8,0.959999979,0.560000002,0.769999981,2,,0,23,2/10/2024 14:16,,,,,2/10/2024 14:17,davepearce@tamu.edu_tamu,2/10/2024 14:17,davepearce@tamu.edu_tamu,,1,0,0,0,0,0,,,No,8,50,0,,-98.20446333,27.67033767
169,95030d18-7192-419c-b36f-0a7ce1fc202d,43.868324,183.18,160.8122005,2,Cedar CT8X2,1.780449381,2.1,27.66466133,-98.20442283,73.9,0.910000026,0.560000002,0.709999979,2,,0,23,2/10/2024 14:16,,,,,2/10/2024 14:17,davepearce@tamu.edu_tamu,2/10/2024 14:17,davepearce@tamu.edu_tamu,,1,0,0,0,1,0,,,No,12,55,0,,-98.20442283,27.66466133
170,3311ee7d-e7bc-41b0-90e2-1f858f68f78a,41.453316,179.77,163.9720645,2,Cedar CT8X2,1.703202865,1.9,27.66054433,-98.2045625,72.9,0.910000026,0.560000002,0.720000029,2,,0,23,2/10/2024 14:17,,,,,2/10/2024 14:17,davepearce@tamu.edu_tamu,2/10/2024 14:17,davepearce@tamu.edu_tamu,,1,0,0,0,0,0,,,Yes,3,100,0,,-98.2045625,27.66054433
171,4ae3635e-060f-4ff4-82d5-8a484ec74dc7,41.40146,178.97,118.0404221,2,Cedar CT8X2,1.697056275,1.7,27.6597235,-98.2045535,74.6,0.920000017,0.560000002,0.74000001,2,,0,24,2/10/2024 14:17,,,,,2/10/2024 14:17,davepearce@tamu.edu_tamu,2/10/2024 14:17,davepearce@tamu.edu_tamu,,0,0,1,0,0,0,,,No,8,50,0,,-98.2045535,27.6597235
172,98ade686-3897-46c1-818e-1302b303f0db,46.28148,175.12,155.3075188,2,Cedar CT8X2,1.886796226,2.1,27.65161283,-98.20455383,74.8,0.949999988,0.620000005,0.730000019,2,,0,22,2/10/2024 14:18,,,,,2/10/2024 14:19,davepearce@tamu.edu_tamu,2/10/2024 14:19,davepearce@tamu.edu_tamu,,0,0,0,1,0,0,,,No,3,100,0,,-98.20455383,27.65161283
173,1731c75f-b642-44a5-bbc8-7cc66c5fdc96,56.971224,1.09,347.1077789,2,Cedar CT8X2,2.051828453,2.8,27.65934567,-98.20714883,76.1,1.019999981,0.610000014,0.810000002,2,,0,21,2/10/2024 14:21,,,,,2/10/2024 14:21,davepearce@tamu.edu_tamu,2/10/2024 14:21,davepearce@tamu.edu_tamu,,0,0,0,1,0,0,,,No,2,40,0,,-98.20714883,27.65934567
174,6fac757e-1d0d-4315-a2e7-ee0d31fbab16,58.85656,357.85,340.7906547,2,Cedar CT8X2,1.979898987,2.2,27.66227533,-98.20727067,78.8,0.959999979,0.560000002,0.779999971,2,,0,23,2/10/2024 14:21,,,,,2/10/2024 14:22,davepearce@tamu.edu_tamu,2/10/2024 14:22,davepearce@tamu.edu_tamu,,1,0,0,0,0,0,,,No,7,60,0,,-98.20727067,27.66227533
175,700f1654-09bd-49af-9531-f148ee289fa6,59.536244,3.97,346.2156802,2,Cedar CT8X2,1.562049935,2.4,27.66436067,-98.20716033,80.9,1.019999981,0.610000014,0.819999993,2,,0,21,2/10/2024 14:22,,,,,2/10/2024 14:22,davepearce@tamu.edu_tamu,2/10/2024 14:22,davepearce@tamu.edu_tamu,,0,0,0,0,1,0,,,No,3,80,0,,-98.20716033,27.66436067
176,827730e1-4edc-405f-bfe2-01f4d8566ea3,57.950932,357.67,343.753584,2,Cedar CT8X2,1.838477631,2.2,27.66538117,-98.20712133,74.4,0.959999979,0.560000002,0.779999971,2,,0,23,2/10/2024 14:22,,,,,2/10/2024 14:22,davepearce@tamu.edu_tamu,2/10/2024 14:22,davepearce@tamu.edu_tamu,,0,0,0,1,0,0,,,No,7,60,0,,-98.20712133,27.66538117
177,875110e3-fd01-4da4-aff9-a45b5fe0ab5a,56.647124,358.32,333.0363171,2,Cedar CT8X2,2.051828453,2.2,27.6724475,-98.20709583,71.8,0.970000029,0.579999983,0.779999971,2,,0,23,2/10/2024 14:23,,,,,2/10/2024 14:23,davepearce@tamu.edu_tamu,2/10/2024 14:23,davepearce@tamu.edu_tamu,,0,0,0,0,1,0,,,No,3,75,0,,-98.20709583,27.6724475
178,ab1ff166-a6e7-490c-955e-6470cc010386,47.496392,1.14,344.7611308,2,Cedar CT8X2,1.910497317,3.1,27.68486683,-98.2070245,69.4,1.129999995,0.639999986,0.930000007,2,,0,20,2/10/2024 14:24,,,,,2/10/2024 14:24,davepearce@tamu.edu_tamu,2/10/2024 14:24,davepearce@tamu.edu_tamu,,2,0,0,0,1,0,,,No,1,30,0,,-98.2070245,27.68486683
179,b01ad5fd-c8ee-408c-a85e-fea58c6b1a2a,45.933304,184.5,144.0067522,2,Cedar CT8X2,2.969848481,2.5,27.68253833,-98.20970617,72.6,1.149999976,0.600000024,0.949999988,2,,0,21,2/10/2024 14:26,,,,,2/10/2024 14:26,davepearce@tamu.edu_tamu,2/10/2024 14:26,davepearce@tamu.edu_tamu,,1,0,0,0,1,0,,,No,3,100,0,,-98.20970617,27.68253833
180,5bb6f258-6d80-4cf8-a851-6e510e7d16de,47.24452,166.09,155.9633535,2,Cedar CT8X2,2.202271555,3.3,27.68344467,-98.20977067,72.7,1.080000043,0.610000014,0.879999995,2,,0,20,2/10/2024 14:25,,,,,2/10/2024 14:26,davepearce@tamu.edu_tamu,2/10/2024 14:26,davepearce@tamu.edu_tamu,,0,0,0,1,0,0,,,No,11,80,0,,-98.20977067,27.68344467
181,5c9209cb-daa0-42a1-b83b-9c8e60def110,52.77274,177.9,165.3240595,2,Cedar CT8X2,2.2627417,3.2,27.67260033,-98.20975667,73.5,1.100000024,0.610000014,0.920000017,2,,0,20,2/10/2024 14:27,,,,,2/10/2024 14:27,davepearce@tamu.edu_tamu,2/10/2024 14:27,davepearce@tamu.edu_tamu,,0,0,1,0,0,0,,,No,12,30,0,,-98.20975667,27.67260033
182,7840529c-16d1-405b-aea9-fde980230bde,48.116812,176.21,126.9306373,2,Cedar CT8X2,1.769180601,2,27.670631,-98.209866,75.6,1.100000024,0.600000024,0.910000026,2,,0,20,2/10/2024 14:27,,,,,2/10/2024 14:27,davepearce@tamu.edu_tamu,2/10/2024 14:27,davepearce@tamu.edu_tamu,,1,0,1,0,1,0,,,No,3,60,0,,-98.209866,27.670631
183,e0f7fa16-1dac-4a9b-a2ea-8b2a3f13864f,44.266504,180.11,163.1489038,2,Cedar CT8X2,2.051828453,2.7,27.66864167,-98.20978167,75.2,1.080000043,0.610000014,0.889999986,2,,0,21,2/10/2024 14:27,,,,,2/10/2024 14:28,davepearce@tamu.edu_tamu,2/10/2024 14:28,davepearce@tamu.edu_tamu,,1,0,0,0,0,0,,,No,1,50,0,,-98.20978167,27.66864167
184,78b8fa25-272f-44f9-8edf-d5933e1544b5,49.787316,178.24,99.64574591,2,Cedar CT8X2,1.62788206,1.8,27.666432,-98.20973817,72.3,1.059999943,0.589999974,0.889999986,2,,0,22,2/10/2024 14:28,,,,,2/10/2024 14:28,davepearce@tamu.edu_tamu,2/10/2024 14:28,davepearce@tamu.edu_tamu,,2,0,0,0,0,0,,,No,7,60,0,,-98.20973817,27.666432
185,1d31058e-c0a0-45ac-8c49-19ef202834c0,59.62514,178.27,122.3118721,2,Cedar CT8X2,1.697056275,1.7,27.657882,-98.2095755,87.7,1.110000014,0.600000024,0.930000007,2,,0,21,2/10/2024 14:29,,,,,2/10/2024 14:29,davepearce@tamu.edu_tamu,2/10/2024 14:29,davepearce@tamu.edu_tamu,,2,0,0,0,1,0,,,No,8,50,0,,-98.2095755,27.657882
186,522aaf31-479c-4862-a98e-01fe7a399097,57.56942,358.46,347.8843159,2,Cedar CT8X2,2.126029163,3.4,27.6603755,-98.2121645,70.9,1.139999986,0.629999995,0.949999988,2,,0,20,2/10/2024 14:32,,,,,2/10/2024 14:33,davepearce@tamu.edu_tamu,2/10/2024 14:33,davepearce@tamu.edu_tamu,,0,1,0,0,0,0,,,No,12,5,0,,-98.2121645,27.6603755
187,929fdd08-9b5a-415d-8958-130c3a679433,56.711944,0.98,349.4831607,2,Cedar CT8X2,2.202271555,3.4,27.670686,-98.21211883,73.9,1.149999976,0.629999995,0.949999988,2,,0,20,2/10/2024 14:33,,,,,2/10/2024 14:34,davepearce@tamu.edu_tamu,2/10/2024 14:34,davepearce@tamu.edu_tamu,,1,0,0,0,0,0,,,No,12,30,0,,-98.21211883,27.670686
188,aa888aa3-b887-4f8e-a453-9c0e9b2b7684,57.604608,1.84,331.2534482,2,Cedar CT8X2,1.720465053,2.1,27.671671,-98.21213433,81.5,1.090000033,0.610000014,0.910000026,2,,0,21,2/10/2024 14:33,,,,,2/10/2024 14:34,davepearce@tamu.edu_tamu,2/10/2024 14:34,davepearce@tamu.edu_tamu,,2,0,0,0,0,0,,,No,8,100,0,,-98.21213433,27.671671
189,f7777018-cfd2-46ee-99c2-9a404b286e82,59.804784,357.87,350.6718817,2,Cedar CT8X2,2.404163056,3.5,27.67634467,-98.21210917,72.2,1.110000014,0.600000024,0.939999998,2,,0,21,2/10/2024 14:34,,,,,2/10/2024 14:34,davepearce@tamu.edu_tamu,2/10/2024 14:34,davepearce@tamu.edu_tamu,,0,0,1,0,0,0,,,No,2,40,0,,-98.21210917,27.67634467
190,4091f644-d384-42a4-8711-1cd49d697491,57.760176,2.91,333.5721027,2,Cedar CT8X2,2,2.4,27.67752583,-98.21213667,79.9,1.090000033,0.610000014,0.910000026,2,,0,22,2/10/2024 14:34,,,,,2/10/2024 14:34,davepearce@tamu.edu_tamu,2/10/2024 14:34,davepearce@tamu.edu_tamu,,1,0,0,0,1,0,,,No,2,100,0,,-98.21213667,27.67752583
191,8e01afe1-c3f1-4070-a6ee-6b708c2bb7a5,56.676756,3.35,353.7380194,2,Cedar CT8X2,1.984943324,2.9,27.68658167,-98.21210033,68.8,1.149999976,0.629999995,0.959999979,2,,0,20,2/10/2024 14:35,,,,,2/10/2024 14:35,davepearce@tamu.edu_tamu,2/10/2024 14:36,davepearce@tamu.edu_tamu,,1,0,0,0,2,0,,,No,11,30,0,,-98.21210033,27.68658167
192,c9409e97-ad10-4b76-bea6-cba5b3cd5eed,49.876212,180.78,163.164299,2,Cedar CT8X2,1.555634919,2.4,27.6827515,-98.21473667,76.5,1.100000024,0.589999974,0.930000007,2,,0,21,2/10/2024 14:36,,,,,2/10/2024 14:37,davepearce@tamu.edu_tamu,2/10/2024 14:37,davepearce@tamu.edu_tamu,,1,0,0,0,1,0,,,No,11,40,0,,-98.21473667,27.6827515
193,e5c25cb3-e38e-43c1-8b49-be10691a9c76,50.622568,176.96,103.4164748,2,Cedar CT8X2,1.703202865,2.1,27.6798895,-98.214858,75.4,1.080000043,0.589999974,0.910000026,2,,0,22,2/10/2024 14:37,,,,,2/10/2024 14:37,davepearce@tamu.edu_tamu,2/10/2024 14:37,davepearce@tamu.edu_tamu,,0,0,0,0,0,1,,,No,9,100,0,,-98.214858,27.6798895
194,86e87152-de27-4400-a42c-a2f40c46b088,49.572484,177.51,151.4326022,2,Cedar CT8X2,2,2.7,27.672911,-98.214756,80.4,1.080000043,0.589999974,0.910000026,2,,0,22,2/10/2024 14:38,,,,,2/10/2024 14:38,davepearce@tamu.edu_tamu,2/10/2024 14:38,davepearce@tamu.edu_tamu,,4,0,0,0,0,0,,,No,1,70,0,,-98.214756,27.672911
195,5e6a0a21-3875-4fd7-9d17-862b94eed9b4,54.459912,183.48,161.8677516,2,Cedar CT8X2,1.984943324,2.4,27.66982033,-98.2148335,80.1,1.159999967,0.629999995,0.970000029,2,,0,20,2/10/2024 14:38,,,,,2/10/2024 14:38,davepearce@tamu.edu_tamu,2/10/2024 14:38,davepearce@tamu.edu_tamu,,1,0,0,1,0,0,,,No,3,100,0,,-98.2148335,27.66982033
196,6f32c47d-3cfa-4526-82e5-f00c8e918fee,57.762028,178.76,160.3302487,2,Cedar CT8X2,1.843908891,2.4,27.665026,-98.214756,78.6,1.159999967,0.629999995,0.970000029,2,,0,20,2/10/2024 14:39,,,,,2/10/2024 14:39,davepearce@tamu.edu_tamu,2/10/2024 14:39,davepearce@tamu.edu_tamu,,4,0,0,0,0,0,,,No,1,60,0,,-98.214756,27.665026
197,232c22d6-9cc2-4097-8a79-12fef3e85992,49.589152,177.1,164.9443693,2,Cedar CT8X2,2.051828453,2.7,27.658708,-98.2147285,78,1.100000024,0.589999974,0.930000007,2,,0,21,2/10/2024 14:40,,,,,2/10/2024 14:40,davepearce@tamu.edu_tamu,2/10/2024 14:40,davepearce@tamu.edu_tamu,,1,0,0,0,0,0,,,No,3,100,0,,-98.2147285,27.658708
198,ed39850d-237d-40b4-a4c9-362fa91f0a19,48.264972,178.23,118.23108,2,Cedar CT8X2,1.920937271,2.1,27.66254117,-98.214783,75.6,1.139999986,0.629999995,0.959999979,2,,0,21,2/10/2024 14:39,,,,,2/10/2024 14:41,davepearce@tamu.edu_tamu,2/10/2024 14:41,davepearce@tamu.edu_tamu,,0,0,1,0,0,0,,,No,2,40,0,,-98.214783,27.66254117
199,342c06f9-63e6-47dd-8842-00d4bd42c046,55.839652,294.2,306.7694705,2,Cedar CT8X2,3.047950131,3.5,27.6456765,-98.21727583,79,1.169999957,0.610000014,0.980000019,2,,0,20,2/10/2024 14:42,,,,,2/10/2024 14:42,davepearce@tamu.edu_tamu,2/10/2024 14:42,davepearce@tamu.edu_tamu,,1,0,0,0,0,0,,,No,9,60,0,,-98.21727583,27.6456765
200,e372bec3-d0e4-47bb-b7fe-ac8db22cffbf,52.76348,344.26,320.102898,2,Cedar CT8X2,2.404163056,2.8,27.655962,-98.222379,85.5,1.129999995,0.620000005,0.939999998,2,,0,20,2/10/2024 14:46,,,,,2/10/2024 14:46,davepearce@tamu.edu_tamu,2/10/2024 14:46,davepearce@tamu.edu_tamu,,2,0,0,0,0,0,,,No,6,0,0,,-98.222379,27.655962
201,1b2139a3-36e6-4a97-b6f3-a95e8e962bae,43.43866,156.72,123.9738347,2,Cedar CT8X2,2.418677324,3.1,27.64572767,-98.22505083,73.2,1.149999976,0.720000029,0.959999979,2,,0,20,2/10/2024 14:48,,,,,2/10/2024 14:48,davepearce@tamu.edu_tamu,2/10/2024 14:48,davepearce@tamu.edu_tamu,,2,0,0,0,0,0,,,No,12,0,0,,-98.22505083,27.64572767
